frame_index,timestamp_seconds,supporting_hip_offset_ratio,working_leg_straightness_degrees,torso_lean_degrees,shoulder_hip_offset_ratio,shoulder_hip_line_difference_degrees,standing_foot_line_degrees,confidence
0,0.0,,,,,,,
1,0.017,,,,,,,
2,0.033,,,,,,,
3,0.05,,,,,,,
4,0.067,,,,,,,
5,0.083,,,,,,,
6,0.1,,,,,,,
7,0.117,,,,,,,
8,0.133,,,,,,,
9,0.15,,,,,,,
10,0.167,,,,,,,
11,0.183,,,,,,,
12,0.2,,,,,,,
13,0.217,,,,,,,
14,0.233,,,,,,,
15,0.25,,,,,,,
16,0.267,,,,,,,
17,0.284,,,,,,,
18,0.3,,,,,,,
19,0.317,,,,,,,
20,0.334,,,,,,,
21,0.35,,,,,,,
22,0.367,,,,,,,
23,0.384,,,,,,,
24,0.4,,,,,,,
25,0.417,,,,,,,
26,0.434,,,,,,,
27,0.45,,,,,,,
28,0.467,,,,,,,
29,0.484,,,,,,,
30,0.5,,,,,,,
31,0.517,,,,,,,
32,0.534,,,,,,,
33,0.55,,,,,,,
34,0.567,0.024509218031856603,179.6317366439326,13.639775008694947,0.2358167964405273,22.84045698445715,83.29869386153175,0.9480602741241455
35,0.584,0.02361653760630501,179.2226348505082,13.452883831767723,0.23264567385401752,23.267188293606154,84.1932025544268,0.9504644274711609
36,0.6,0.17832276039013875,95.78229515641223,13.981524523212322,0.24160900350460945,17.645901586018766,81.57159229586192,0.9527040719985962
37,0.617,0.1788892105708808,91.89461292980353,13.75382861090142,0.23775079868510834,17.86607664474252,84.48359948478186,0.9540078043937683
38,0.634,0.16887635464985468,106.48633061958773,13.491658061679884,0.2333037898742828,16.6649298970039,85.98557186689814,0.957496702671051
39,0.65,0.16904292464270335,113.48881811633755,13.237702282803141,0.2289914637493109,16.892765971510755,87.6543650760411,0.9593647718429565
40,0.667,0.15815442462269794,83.43611682741482,13.300038193785701,0.230050385916208,9.209110426413474,87.13092850500011,0.962158739566803
41,0.684,0.1567947598045732,84.84219198748119,13.511470406239056,0.23364002409070236,7.2017899127810665,87.28346660451284,0.9639315009117126
42,0.7,0.15557796087721767,78.33599144219754,13.58920422620892,0.23495897029030405,7.898567425653681,87.66462832547805,0.9655700922012329
43,0.717,0.15694122536199623,82.84556940134162,13.91031935460123,0.24040287113618955,7.80809980492856,89.25558722384322,0.966388463973999
44,0.734,0.15792414855927306,84.54435570715191,13.987212641495391,0.2417053375124838,8.414741085522309,89.46019385291459,0.9677888751029968
45,0.751,0.15761193890898534,82.20222766584071,13.937954001148182,0.24087101395298688,5.91361243688587,89.56522103968362,0.968468189239502
46,0.767,0.18074246938800703,83.39352309526674,14.6063364018085,0.25217637669820436,1.4444903700158989,85.3037515033389,0.9676964282989502
47,0.784,0.1886860891913643,80.04226569154532,14.981955798052104,0.2585148325422178,0.0234102159066083,83.37611438786666,0.966689944267273
48,0.801,0.15275358401503625,91.35215995113744,15.71887005156409,0.270917488554995,4.774589373044336,81.33142624553372,0.9684157967567444
49,0.817,0.13380448257399244,90.49421043495184,16.522729688216852,0.28439569370612605,5.133759518370596,79.63386900516987,0.9679480791091919
50,0.834,0.10914574506252564,107.79655724306159,17.458389659380025,0.3000130953027286,12.70921322269831,82.28045396089999,0.9697246551513672
51,0.851,0.10334629571272741,110.74679167287047,17.89141410785248,0.3072140159418099,12.994702482151297,80.45797366958745,0.9708259105682373
52,0.867,0.05475418036303376,143.22589745127422,17.18843811695703,0.29551527560805174,13.859182979071534,101.18803257550765,0.972895085811615
53,0.884,0.06140746420297989,136.10573978406433,16.267908759741427,0.2801290800891019,14.203492566437774,98.33501779499915,0.9736013412475586
54,0.901,0.09442267863037744,131.11416007264452,15.520447009336147,0.2675822475749003,13.68595445933687,96.86860678214293,0.9744817018508911
55,0.917,0.058904893077154304,140.07052059810638,15.486666595476919,0.2670141206577762,15.866307040777002,88.48674600840705,0.9756564497947693
56,0.934,0.09065891091444829,150.38036963742087,14.602182552331987,0.2521062207388457,13.174494334920581,90.21487156915384,0.9749276041984558
57,0.951,0.20384094049757986,153.73597791687357,14.084876171581444,0.24335899530158747,10.883244973046743,93.6342780174244,0.9734323024749756
58,0.967,0.23475121256155745,156.42290755408027,12.517347500067896,0.21673519812475556,8.93613253935905,87.72238150819581,0.9649876952171326
59,0.984,0.7254211502788992,138.58071575491925,11.700333779319633,0.20279299986265795,4.875849492061462,43.41046211144472,0.9303090572357178
60,1.001,0.05438951817462573,171.25389709755598,11.466895964995453,0.19880172575721988,6.232471154560159,80.07692177541149,0.9364671111106873
61,1.017,0.11951118881022162,169.26499135701468,11.587213503832139,0.20085930780188854,5.754623734416981,78.02755455176722,0.934177041053772
62,1.034,0.06441612009910723,172.20424590723337,12.225149143997122,0.21175379848832776,9.601341446296004,73.02145774382156,0.9365970492362976
63,1.051,0.021763292327053343,174.82841863944282,13.241429545367955,0.22905478770816956,11.702715781280915,75.07038276381138,0.9415341019630432
64,1.067,0.0026455131254110227,179.1198215367294,14.498671723906899,0.2503575596225633,13.196472093684804,86.76951772419912,0.9472078680992126
65,1.084,0.0026221894335043245,177.66507693862087,14.880044597704051,0.25679620088262395,13.089855160038411,85.89995792844049,0.9522837996482849
66,1.101,0.009722977556160946,179.71545739131528,14.858278399693726,0.2564290299934819,13.204160717632732,85.42927745276516,0.9565662741661072
67,1.117,0.009156210041062445,172.7488946486953,14.718551843149921,0.2540711236238414,12.790829170220263,82.15736652415741,0.9590154886245728
68,1.134,0.007162261573608941,174.41969002810015,14.656986789943147,0.25303172383134465,12.303809020153437,88.07247997006651,0.9627799391746521
69,1.151,0.014587565399523448,176.04550252488625,14.662542817958817,0.25312553799227,12.921344169190604,82.06392305585673,0.966224193572998
70,1.167,0.02499246425663682,165.90654563663594,14.087365315128562,0.2434011327418959,11.636243057053008,75.98639708257657,0.9635195136070251
71,1.184,0.03272755879611368,168.1990496002167,13.679577770905153,0.2364918367833277,14.96497508989043,81.39973549991251,0.9658561944961548
72,1.201,0.03842513249318752,165.80010455911165,13.144439726635833,0.22740667398599723,17.648331691529904,77.90887530189951,0.9672923684120178
73,1.218,0.05632333918384985,168.04968427244347,11.787102497352924,0.2042756998090088,15.980912702751795,75.65846348393526,0.9691811800003052
74,1.234,0.07603331241991468,172.98337754937475,10.032400547843624,0.17420505495290428,16.893216037738654,76.9912188924701,0.9719530344009399
75,1.251,0.08169017098211902,175.63437013710669,8.859610576065075,0.15401390691977,19.15251793491771,76.89200762527409,0.9721548557281494
76,1.268,0.09832786176088072,179.29646186556246,7.205757477459726,0.12543292750011173,19.922094356516595,81.64719720938898,0.9737728238105774
77,1.284,0.10828587806794746,168.88282866627952,6.092873146920747,0.10614038774938198,22.018318823608723,68.20627447125548,0.9752752184867859
78,1.301,0.11512188818811536,166.37639919039296,6.069074719424813,0.10572736399845926,24.38020734940497,68.72817187039652,0.9760168790817261
79,1.318,0.11154740781129628,165.21452311618975,6.309998683607661,0.10990776549571413,24.34909652223803,76.14151480479417,0.9759445786476135
80,1.334,0.11057410827053153,151.87753253001043,6.206191423412574,0.10810678374812005,23.261986029414572,83.67840050548105,0.9772557020187378
81,1.351,0.10870883504352558,145.13411381653492,6.302003621141748,0.10976906962573327,22.132412821522536,89.01875640782121,0.9782354235649109
82,1.368,0.08272930624753534,118.1049366211974,6.763188284309402,0.11776597783046784,22.090099227307917,85.15115976050002,0.9767246246337891
83,1.384,0.08185965068189881,31.924739373975438,7.271365942105129,0.12656888498770083,21.401261398499003,86.49107563090521,0.9666349291801453
84,1.401,0.07654677980934269,73.3765087231869,7.431699917147718,0.12934423668517409,21.193355737985968,85.25769899947979,0.9598256349563599
85,1.418,0.07343385515014361,22.733270104941468,7.234830391373727,0.12593632186546377,13.845853256928962,88.82621546481676,0.9416544437408447
86,1.434,0.09353517034712698,69.39362516032955,6.9532248322711245,0.12105900737636183,12.32681356664142,93.51443446166829,0.94096440076828
87,1.451,0.04298673804719348,142.4544070411355,6.873641993743063,0.1196801240138704,0.20971567465286967,131.29063665329375,0.9090248346328735
88,1.468,0.11349088141655661,178.07547533331822,6.4341067486370775,0.11206047768031333,5.085601266296351,101.62784418285611,0.9170365929603577
89,1.484,0.12511336216369207,10.320373859955795,6.830117537464905,0.11892590443382098,0.999324983594704,104.9825846673043,0.924322247505188
90,1.501,0.12318048023113412,66.94947738641682,7.01916313436592,0.1222013033597348,4.094854873040475,104.68611004675512,0.9301607012748718
91,1.518,0.11580475392326293,60.3445716201469,7.3944578977069275,0.12869967367393403,5.41181728695517,105.23484090887132,0.9252159595489502
92,1.534,0.13490968447974455,48.87395771916081,8.450918457321286,0.14696213186921553,5.464431277956066,110.03908385397226,0.9178869128227234
93,1.551,0.14722393099327036,37.05875642949027,8.933630520660051,0.15529025581288125,4.685549509193834,113.66561310002302,0.9150813221931458
94,1.568,0.16447034579946054,41.99807731850033,9.38198505664728,0.16301575607943605,5.5781561679106915,113.73033717186294,0.9040989875793457
95,1.584,0.1690888821242214,27.90985563030188,9.744257355384256,0.16925072263038546,10.466210166865153,111.37776934471931,0.8937854170799255
96,1.601,0.1702696481210159,50.4479149629737,9.840812361967773,0.17091137191642902,2.9056667828021148,70.17111501115146,0.8970964550971985
97,1.618,0.17118126923472143,49.94133525668352,9.408118897877294,0.16346575935617305,11.699405429225237,76.82412556247012,0.8964043259620667
98,1.634,0.1682757613559718,95.33561767216726,9.048053884276243,0.15726278265266083,8.07339562063305,92.63454421964488,0.897941529750824
99,1.651,0.1712560874717152,174.3180960244596,8.058158573078005,0.14017820919744425,16.931390328199512,104.0608728918851,0.9003187417984009
100,1.668,0.17400543775400532,168.53331043084842,6.498844322454914,0.1131831730247294,11.446339052125381,119.36994587240066,0.9058671593666077
101,1.684,0.1704140058601255,145.69335441089788,4.307504504273075,0.07510933580465852,19.065930582257664,123.62418765958785,0.9083236455917358
102,1.701,0.16947210388952122,146.3919165814277,4.033052810882513,0.07033193723037909,16.673027066773386,129.35977804704805,0.9090576767921448
103,1.718,0.17642603919793454,155.8643612764486,3.8516520137524837,0.06717338908180252,-157.48350351941144,129.48716104112438,0.9112954139709473
104,1.735,0.1803596920656009,151.25106817156748,3.3989405363004193,0.059287914983531004,26.48437733399382,127.82019301639994,0.9120617508888245
105,1.751,0.1854867152388721,178.40111654073877,3.3965476839395308,0.059246225244169906,-168.03734015070762,134.18403530107216,0.9185549020767212
106,1.768,0.19994785915123697,177.37186924259817,3.06255660641145,0.05342624728341145,-153.72163798016402,135.22114196921837,0.9252390265464783
107,1.785,0.20964901791118162,176.42043380747523,2.557748924140607,0.04462631459864225,-156.0816168077855,136.71401937630407,0.931793749332428
108,1.801,0.21904817827578732,179.24139477397568,2.536186610499256,0.04425035300219173,-153.8647674289332,138.56391893058642,0.9378979802131653
109,1.818,0.2247416775351858,179.79730431399003,2.6227936406656522,0.04576039907511527,-155.7813021437811,137.40004558176142,0.9432919025421143
110,1.835,0.23603917998181212,178.54142389458445,2.9899686052121077,0.05216111451633001,-152.15959022833397,141.77057309943177,0.9481847286224365
111,1.851,0.24187322410161707,170.2986077433114,3.0054094790069743,0.05243023983899938,-159.91135043943063,143.1523596238971,0.9529317021369934
112,1.868,0.2562228092287769,175.94416972029805,1.6202236985750826,0.028274469486215467,14.713391387506192,142.2251439995367,0.9570930004119873
113,1.885,0.262314760354515,176.97027521332598,0.8450602190482674,0.014748548464411615,11.308493989281345,140.85300141136867,0.9605841040611267
114,1.901,0.26241636183633377,177.68654887351263,0.8037746001025882,0.014028053086895231,10.726906791994026,139.5965894324902,0.9634705185890198
115,1.918,0.2633511435491698,177.082882014495,0.9087575131527778,0.015860145710139235,11.89151690770288,139.07553327325712,0.9653773903846741
116,1.935,0.29041803228639185,178.90858841025843,1.0711328387412649,0.018693705823987484,15.223304428276805,132.29945406959226,0.9654885530471802
117,1.951,0.3396295092117815,165.50125576014437,0.9582413421008878,0.016723686798735593,14.456949863836797,117.16945185094319,0.9644289016723633
118,1.968,0.3209451873516598,166.54782696121262,3.8322608212927918,0.06683570951585854,15.99248196310333,105.52593209339244,0.9622126221656799
119,1.985,0.3170429820323469,163.43417460608262,4.76389913537842,0.08304995758892958,17.69102205664973,91.82031830472658,0.9593181014060974
120,2.001,0.31996200484444626,163.16080790809812,5.158321656982141,0.08990812575879974,17.373697951108085,101.73682588541422,0.9593643546104431
121,2.018,0.29937305685063675,160.0242266110918,6.8025859200903644,0.1184487835192085,18.01258324128912,100.5050161239,0.9567009806632996
122,2.035,0.2726007585507348,151.07931792984078,9.204799359123573,0.15996387422367495,14.662290427133684,94.24728774372268,0.9492005109786987
123,2.051,0.2455601098240575,157.69802934569674,11.348985544079701,0.1967844578838287,8.809752140974638,102.08699535275315,0.9390348792076111
124,2.068,0.23094697108452547,160.05714646542637,13.481793084927267,0.23313636148739153,2.8942325502405026,100.7069108848691,0.9194616079330444
125,2.085,0.20764551976253906,159.4657186399114,14.674133592000482,0.25332124185854693,1.3586133995916896,103.94960419384192,0.897255539894104
126,2.101,0.20442957952830593,156.8668938941202,15.041248686527878,0.2595143724996274,1.1452753955892945,97.1058038641918,0.8843810558319092
127,2.118,0.2070660344773646,157.38438636821633,15.06293641865414,0.25987990777160463,1.6355614401155947,92.39085161947895,0.8504760265350342
128,2.135,0.1938073962828668,125.76126237200619,16.25275895735907,0.27987524288143145,0.09225369125863381,92.95602988981486,0.7991795539855957
129,2.151,0.17845201813585415,128.87923845212202,16.5215364418529,0.2843757275380902,1.018543618098903,77.75040781774615,0.758118212223053
130,2.168,0.1772863866239994,110.68415697853989,16.46366360013898,0.28340721391853146,2.093592316871451,82.05724666570254,0.7232522964477539
131,2.185,0.18414901795953476,102.02873124447461,16.375437727591947,0.28193018018120686,2.204508807141906,85.13871874386845,0.6978136897087097
132,2.202,0.22418275124919018,144.18818832828123,15.115265531051763,0.2607617339148814,3.786037802207119,100.11682207615075,0.7132992744445801
133,2.218,0.23043585303678904,166.84603434026974,14.304245881897497,0.24707082058583074,5.679682696911215,102.2326118993172,0.734783411026001
134,2.235,0.24500099528232708,179.61031684930202,13.902598824396446,0.24027207202946077,6.693525721066607,92.52657388596064,0.7495901584625244
135,2.252,0.25319274046029644,177.23561892610894,13.542995895100988,0.23417498382920382,7.9518929829572755,87.07623354625515,0.7624025344848633
136,2.268,0.2615322655874444,171.3565828085949,12.68882171428478,0.2196558754384274,8.837857799110395,85.88226579407203,0.7790666818618774
137,2.285,0.27178242164216526,171.00782511279417,11.9316320950878,0.206744373302616,9.311085299881029,97.82585032275144,0.7957391142845154
138,2.302,0.2814252762141278,170.85812789453666,11.36437746988631,0.1970478377891706,9.789892172660473,99.33371959182811,0.8111198544502258
139,2.318,0.2856578526516631,170.59509145087912,10.921270027362523,0.18945996445772026,9.49609789477276,98.1472105124399,0.8251084685325623
140,2.335,0.2943568099328153,172.03699091257295,10.848268681645393,0.18820877335430888,12.23682418921095,93.27246208295286,0.8374075889587402
141,2.352,0.29762993796285775,171.62732574856392,10.911637171421098,0.1892948817341503,13.596400798622739,101.73736059072247,0.8484840393066406
142,2.368,0.30401257092612494,171.716664218455,11.351430744012143,0.19682630002540094,16.206482250959453,97.91159456215406,0.8611108660697937
143,2.385,0.3058893354550246,171.30155404319117,11.614714725595483,0.20132948942937198,17.577830129871785,94.72633837639887,0.8716939091682434
144,2.402,0.3167135335349744,174.18254134273548,10.997067233846224,0.1907587491398348,17.221131776409038,89.9159714253466,0.8816983699798584
145,2.418,0.3226466877675011,173.0717175108954,10.833846173582714,0.18796154562381961,16.6036859411779,87.02807523592179,0.8911980986595154
146,2.435,0.34108563126283087,172.02397176777228,10.66450329641042,0.18505781741155053,18.563826806635632,80.3637448847239,0.8970643281936646
147,2.452,0.34203100567204753,171.3669998891017,10.485162210345868,0.1819808875488768,18.74497439337165,72.29408765225203,0.9036825299263
148,2.468,0.3674969442522151,178.07540518918583,9.649289347316117,0.16761689923102235,19.223886415269106,81.14711251108318,0.9088771939277649
149,2.485,0.14512304689183494,168.87576947627994,9.223855807157182,0.16029218022696368,-159.23627096661698,106.12515038932645,0.9144183397293091
150,2.502,0.13992234420000338,168.3877856660901,9.251292381442724,0.16076482856029475,-158.57816339225263,109.33308436306754,0.9195372462272644
151,2.518,0.13191533906782088,168.91600251602443,9.166722019798739,0.15930782182397177,-158.77771801320796,108.31943182194166,0.9227036833763123
152,2.535,0.011310118425601978,165.71588800530958,8.840289532567487,0.1536807057752141,-159.73323685362095,104.96300216446846,0.927967369556427
153,2.552,0.002112915065620038,163.74037790610873,8.611443155584459,0.14973281561788518,-159.3330761369853,109.31712572680325,0.9326200485229492
154,2.568,0.14452816827321321,157.1246205580972,8.28993479709684,0.14418236785827074,-158.47722016051682,91.25905772962659,0.9361520409584045
155,2.585,0.1381400441321089,156.08714515119178,7.368499438806972,0.1282503677298456,-157.33326817889377,84.84154962505266,0.9401053786277771
156,2.602,0.24702094164965757,162.73015574501997,5.762498352972256,0.10040509908272703,-159.28413145946598,87.71233142520678,0.9438713788986206
157,2.618,0.2475904503039295,158.78815477002436,5.348571300634505,0.09321465897485781,-157.99623481096654,86.65333838341483,0.947393536567688
158,2.635,0.3158085341907978,157.81199636492443,5.043102272908627,0.08790513195323688,-161.20461260711733,92.70353647753096,0.9507026076316833
159,2.652,0.3096707566568122,157.42420251985968,4.604091764835372,0.08027010885723329,-161.30486671730887,87.67041068306486,0.9542889595031738
160,2.669,0.30819056955447177,153.08931465994812,3.3849563077020224,0.05904427172669609,-161.46819675888798,98.41011981397774,0.9572078585624695
161,2.685,0.3034733472127435,154.297741640701,2.0944299252269123,0.03654655768014457,-162.42579852551296,103.94585016302973,0.9598164558410645
162,2.702,0.28997314987696876,153.18289337399042,1.0794965640182874,0.018839654660148118,-161.49663853094557,108.21350639294546,0.9625797867774963
163,2.719,0.2939206063879639,153.87154602501715,0.9986421722453823,0.017428711476798097,-161.90194291535056,106.5495205053548,0.9648245573043823
164,2.735,0.27026511108982093,150.0063662900989,0.971429327519882,0.016953827931013573,-164.1408394058721,105.58448686401734,0.9654878973960876
165,2.752,0.26055508677003364,149.24797125715858,1.5764145482601835,0.027510153074812405,-163.93208305662847,99.71393115678873,0.9661878943443298
166,2.769,0.25084692506098194,145.08923612583075,2.0892192027052143,0.036455674019909706,-162.9259506177201,105.3838498896912,0.965607762336731
167,2.785,0.24316958288343313,146.3668032366775,2.14706526292652,0.03746458836581902,-161.4042288541453,103.37058032775181,0.9650351405143738
168,2.802,0.22160649166621207,139.48578882091846,2.186571847011332,0.03815361530023385,-162.54945283070072,106.47214686047597,0.9604623317718506
169,2.819,0.19745244418280009,135.37631106825074,0.8519260530793454,0.0148683667344174,-164.8973591582623,107.7117794400501,0.9536671042442322
170,2.835,0.1853720456512168,135.97698549692151,0.6046684848630959,0.01055326004571099,-166.2340443894086,106.41058889258039,0.9483431577682495
171,2.852,0.18082885608370766,137.49405568187518,0.429111880303824,0.0074893451557002735,12.64864502458056,106.14696979201351,0.9433809518814087
172,2.869,0.15485729685292743,129.31516144060757,1.4058195083985805,0.02453371728929717,8.85720069367838,95.76127893919104,0.9370450973510742
173,2.885,0.1470678671785814,128.17699475116748,1.2648496689032764,0.02207399823740076,7.537591109672292,94.77676441242834,0.9293964505195618
174,2.902,0.14650024716421756,124.50371104654542,3.270134138393905,0.05704362588453906,5.281756948512083,85.79104917744371,0.9226304888725281
175,2.919,0.1524287042715024,134.84855972178218,4.220085181017281,0.07358780374323856,6.713637148049202,81.56018406498131,0.9156341552734375
176,2.935,0.177409762575528,128.71310529972573,5.465365167927829,0.0952440261504089,3.670131989640936,91.828957458875,0.9148741960525513
177,2.952,0.18630739050117007,128.90461636496636,6.097404671196065,0.10621903066876097,-174.89331833512847,90.27098823925982,0.914249062538147
178,2.969,0.1626475274504939,134.3948132734482,6.5748801436254825,0.11450162079903747,-178.21588502972816,94.56714960751681,0.9180194139480591
179,2.985,0.15430578583119975,133.8005669471347,7.200825985371146,0.1253475360398184,0.24046202673699213,94.19799679515297,0.9215362668037415
180,3.002,0.1378853845426803,150.44718059957762,7.076512898363094,0.12319468245920917,0.10090519249087038,55.239738894722365,0.9240912199020386
181,3.019,0.13658396075121498,141.42418567923855,7.003973606072787,0.1219381786780714,0.7997533477604577,50.14849715641286,0.9264628291130066
182,3.035,0.12482038198061489,146.48688260600355,6.54889144352422,0.11405100387346645,-171.58586468869294,69.87410100068888,0.9308931231498718
183,3.052,0.11866330646738979,148.4874702571544,6.478475320492071,0.11282994416343045,-170.67802064711873,87.27525799815037,0.9347821474075317
184,3.069,0.1028002353709255,163.92742564906663,6.165160124171341,0.10739482185923153,-170.05126834198495,109.62679945503045,0.9374417662620544
185,3.085,0.10379065637334549,167.7729389450169,7.042031532274939,0.1225974311171764,-173.14463837492065,121.34551794965785,0.9406459927558899
186,3.102,0.09151647939691343,173.85637218774428,7.532123622917845,0.13108203811393765,-173.08113546985828,125.28148135142709,0.9433610439300537
187,3.119,0.08302251386149594,175.8435696364888,7.3104298718957645,0.12724516660017993,6.101101838326542,129.74875575951896,0.9468547105789185
188,3.135,0.053702925482901245,176.9449974221881,6.944469691563821,0.12090732377237823,6.984554559266115,129.2283990499873,0.9497922658920288
189,3.152,0.036763756382468316,176.73761357713917,7.456439492254595,0.12977238453738624,6.034637237800382,121.60693703595832,0.9527704119682312
190,3.169,0.03257232134797475,177.83023234714216,7.8192663426388815,0.1360487147276391,5.7258911599186035,122.95184961028454,0.9553681015968323
191,3.186,0.01283734580809064,178.81521249382655,7.003215990768081,0.12192505445902548,3.5869968705517863,117.88384394386426,0.9576217532157898
192,3.202,0.0011629231305655835,179.34447850259676,7.816927826697622,0.13600827930151832,4.6136199908950175,114.00967666151544,0.959717333316803
193,3.219,0.026870350080555883,178.0168810860038,8.735370650109454,0.15187102257020052,0.7356623554462942,113.74775699322164,0.9616683125495911
194,3.236,0.03660547647999034,176.13083738375823,9.401843581379982,0.16335770666046137,1.4205477433301894,112.05443039980803,0.9629769921302795
195,3.252,0.04042364174160529,175.66351877950194,9.465438891529434,0.164452643329579,0.21466557854631674,110.8116437602006,0.9642265439033508
196,3.269,0.06854096117731372,177.31940585082208,10.38459108978069,0.1802546207345995,5.538037406028025,107.78380168228432,0.9662456512451172
197,3.286,0.07779813355742707,173.8696252572439,10.630819740259426,0.18448005073976742,5.516821243728572,105.73922125491374,0.9678701162338257
198,3.302,0.1326221171714123,172.3010616766685,12.574485748496688,0.21770863653843114,8.812760028634045,78.25304731124662,0.9685848355293274
199,3.319,0.1535026804848784,173.0140954936482,12.936868697740854,0.2238773092429807,10.133614857276484,74.49804139963815,0.9692365527153015
200,3.336,0.15818735121768038,173.18206605214965,13.450939895683819,0.23261267656869544,11.823265999840174,86.24894628364517,0.9699755311012268
201,3.352,0.1559626709844592,173.07847814047344,14.526118761688515,0.2508213162465107,16.169210581573992,72.49309376530687,0.9703645706176758
202,3.369,0.15046911639564825,173.84906245559725,14.625761298480528,0.2525044336417363,20.688451397357767,68.7066172482341,0.9711716771125793
203,3.386,0.1028043065307238,165.03354305172806,15.3247693115009,0.26429000929206353,26.231197501137814,78.02613376658759,0.9711143374443054
204,3.402,0.04646341176655512,161.88674979291844,15.91265815384908,0.27417168610970716,-144.65282138048525,71.90760353439241,0.9713555574417114
205,3.419,0.15036980796462898,161.39039083105368,16.339663007192527,0.28133106689599385,-144.6858266385001,65.74266299274602,0.9664451479911804
206,3.436,0.13297287458635998,176.24576835847728,16.601179249409864,0.28570809133355857,-144.27720994560093,96.1798260273267,0.9652965068817139
207,3.452,0.07213876688865038,161.65312439110053,16.389632235651092,0.2821678627998216,-142.4470916377701,87.25938307155927,0.9655581712722778
208,3.469,0.02532006240228052,155.66853290761375,16.274771344380966,0.280244057278286,-142.06771165126895,74.58813692813709,0.9483070373535156
209,3.486,0.151495179750328,155.71745668167662,16.287074490993923,0.28045017672341155,-142.2641158935087,88.62998775683916,0.9400320053100586
210,3.502,0.18857548599110996,179.90245609261547,17.065672604013702,0.2934676319676878,-141.28240598098807,64.05040070658882,0.9428871273994446
211,3.519,0.18741588888775282,159.27568305335672,16.83581634246906,0.2896301733943526,-140.44336621748255,66.93072358654338,0.94200599193573
212,3.536,0.04567967085915884,174.36153812492677,17.18319846372781,0.2954279094748407,-134.41262720493864,72.8544904454821,0.9465934634208679
213,3.552,0.002714410493140897,169.33990196447743,16.959216657992148,0.29169092954697656,-133.2499966293123,66.4881443557997,0.9507142901420593
214,3.569,0.047528306480116654,119.72652823975677,17.748539028650338,0.3048400140166707,-130.1985612846541,78.01931601790163,0.953945517539978
215,3.586,0.13048213903030093,136.8228090671246,17.49934586142501,0.30069491102042206,-129.75442175649107,80.52628429538882,0.9542754888534546
216,3.602,0.14139606431068777,122.61639777584246,18.571607929874734,0.31848961763755324,-128.8726116793548,79.85464258671307,0.9581003785133362
217,3.619,0.1298226364006479,140.53525114422925,18.06558554802933,0.3101054506287363,-128.7160033682125,98.57905580030224,0.9551242589950562
218,3.636,0.14843699192852863,121.69610624319026,18.620765571150635,0.31930278576077564,-128.31618820112203,84.34628632869821,0.9586865901947021
219,3.653,0.15029551501877192,133.1068192513962,18.931477666815923,0.3244371381082313,-125.78409216445607,81.5812603615747,0.9615241289138794
220,3.669,0.13955820810187244,129.3882722630722,18.00816910655376,0.30915259078534224,-129.8655807763455,79.98925968509648,0.9623044729232788
221,3.686,0.043454416399712065,141.6174537295561,17.843323160689316,0.3064151528142489,-132.35864761328617,77.29049326781013,0.9652401208877563
222,3.703,0.6272974290707845,175.77882075705577,17.8775183770103,0.3069832091141632,-129.55844725156317,100.58275697599711,0.9612513184547424
223,3.719,0.19890161892312416,143.78318419773458,16.876798750107486,0.29031471940328885,-130.5201036577148,46.26942908615743,0.9598998427391052
224,3.736,0.00902096057121072,154.39181219413794,15.91603791715087,0.27422841325506453,-125.72614333362014,53.11673365832909,0.9618363380432129
225,3.753,0.09639392630493812,157.21763652201383,15.409954209523894,0.26572360936952805,-125.3533919312411,54.38818271293225,0.9599517583847046
226,3.769,0.023386127331007398,147.5695266609268,15.1537449583154,0.261410032794178,-123.04386639253386,47.746285741158566,0.9591856002807617
227,3.786,0.015882291537539145,151.04445912452974,15.658840108338897,0.2699088019227233,-117.9446878897495,94.19210831246521,0.957991361618042
228,3.803,0.011884977743872063,148.7075510202536,17.196254532613384,0.2956456021608082,-115.63813594287069,58.143659199308125,0.9542731046676636
229,3.819,0.036829644072097135,153.88691430251026,17.405069203235396,0.29912521681818244,-120.24018874724254,76.04195098695433,0.9501447677612305
230,3.836,0.03552684429111784,158.94313563142117,17.70870583275401,0.3041778099886205,-118.5284605024475,74.44387255446306,0.9496749639511108
231,3.853,0.042360674231458804,152.93699025935905,17.809738513165236,0.3058571331406754,-116.39176810553721,71.5898293330413,0.9483234882354736
232,3.869,0.05317668970678019,109.74600237588115,18.74417702645643,0.32134322707686946,-122.28383588546853,78.3949231954045,0.9531652927398682
233,3.886,0.1379781505035701,114.325547768592,18.61266017004784,0.31916872198275126,-127.92079154072292,79.65483059400079,0.9450226426124573
234,3.903,0.03279975431767008,130.84230155525606,17.7711790931035,0.3052163264490851,-130.1855584117933,70.85945432192105,0.949187159538269
235,3.919,0.10019198624668317,135.93811727742673,18.23515196090111,0.3129176841302332,-128.14451209665276,75.08309614766382,0.9535686373710632
236,3.936,0.06008308517593078,171.72394629299083,18.737716873911697,0.3212364540970063,-119.88939680000163,68.16469656541325,0.9576811790466309
237,3.953,0.055750268963885324,143.45612114598663,18.68260016229081,0.3203253227667693,-121.32835440108795,70.25479032796817,0.9612218141555786
238,3.969,0.0027226223015749604,175.2655888747216,18.066452175169488,0.3101198304360145,-113.97801303637141,66.54024850799709,0.9643961191177368
239,3.986,0.01706629490827284,145.78173391937514,18.120494777661253,0.31101641050798695,-116.94420731565879,84.60544687014722,0.9659809470176697
240,4.003,0.05534749013413015,164.78018212592556,19.650066207780114,0.3362746303798298,20.61823497892,75.78629586495235,0.968715250492096
241,4.019,0.07991620760094346,173.04670030436824,20.117579849508367,0.34394781717796125,19.200527006570184,71.30568684603406,0.9673709869384766
242,4.036,0.09206782998310668,176.34457184798046,18.58198533863727,0.3186613007863378,25.610584190998935,69.56575142979727,0.9651211500167847
243,4.053,0.11058116323892045,176.7598541109193,18.826843720508904,0.32270917572669466,31.856204610253503,64.25789985130417,0.9603829383850098
244,4.069,0.14819683511354187,174.58832365433526,17.915730491209946,0.30761786537581876,34.73695307253082,59.82597509415735,0.9569900631904602
245,4.086,0.17020662635568318,177.18640596577038,17.421621249011153,0.29940086497876356,33.04062758048495,58.1114518276075,0.9548155665397644
246,4.103,0.2011403443979188,172.98404944983264,18.65369263618194,0.3198473354845831,20.375207072740917,53.928596042382146,0.9497280716896057
247,4.12,0.2202916325688608,160.88811644522556,18.471660035781635,0.3168355523711628,13.971310367560744,54.021966013095685,0.9466046094894409
248,4.136,0.2237345633017925,162.09364750542412,14.397846016362172,0.2486534739705972,59.94377000904653,55.170666288324234,0.9331539273262024
249,4.153,0.23007675843691047,169.7740070052658,16.67594588909664,0.2869583782087763,2.976041641998677,54.66847684837763,0.9280881285667419
250,4.17,0.26117966695104283,179.10824804606577,16.95000893117025,0.29153720927646753,17.18769633969889,54.67621506566956,0.9128198027610779
251,4.186,0.2610008351052395,177.13520478435404,17.2739721263819,0.29694112222341656,30.38582400962933,56.945024757690504,0.8972466588020325
252,4.203,0.22744727633850617,164.32922225947397,19.381835164871575,0.3318620794862558,34.059259812708554,49.874403325840866,0.8892820477485657
253,4.22,0.17914888523567615,175.49094466538943,19.842333854075683,0.3394330117196876,5.992312660357371,55.358963826717485,0.8833228945732117
254,4.236,0.16896570629366306,173.26007229176497,20.28597405803016,0.34670604703066593,4.091235648272541,56.04092464761155,0.8766490817070007
255,4.253,0.16437101976614837,168.63361476324621,20.856215972121856,0.3560239991069562,9.282545141947995,61.57928298424445,0.8682143688201904
256,4.27,0.1317520599459338,171.2569538071611,20.331722697211614,0.3474548751299607,5.37876004864529,56.370334678279946,0.8608095049858093
257,4.286,0.10955318485128805,172.97355998983178,21.564812692331355,0.3675534755995863,13.289308717705957,50.182177193469705,0.8621879816055298
258,4.303,0.14398359957297954,168.96955600387383,21.954629228463006,0.37387226756887504,21.725936931594795,46.13394970483031,0.8551323413848877
259,4.32,0.15281203936771842,165.763080343026,22.812324219585584,0.38771386859925305,28.015551926098205,43.50402605840354,0.8495345115661621
260,4.336,0.02451078730157498,153.656116041277,24.22217788039736,0.4102760638729163,25.174380046346727,66.63189128921428,0.8422297835350037
261,4.353,0.11927474277271351,144.23620047318437,25.13221233336006,0.4247084766685697,26.944554403908647,61.83712388311666,0.8320671916007996
262,4.37,0.1566297487732162,140.9588430132669,25.5235919610847,0.4308827064705681,38.53210523271318,58.48821947441391,0.8327101469039917
263,4.386,0.10429792793756022,141.42708609868632,25.461629824478045,0.42990655167968916,36.87706087787672,91.04674720752143,0.8330985307693481
264,4.403,0.22359654812997556,128.11317794390789,24.122712165808093,0.4086922776512036,42.028737167223504,72.93800865498149,0.8327380418777466
265,4.42,0.22310920162152273,140.27124128716702,23.57015617756043,0.3998716696993177,41.205748109493484,65.10149983698261,0.8355538845062256
266,4.436,0.2266936494008817,144.32489624935252,22.80700636177518,0.3876283127433034,45.371389709652505,62.96903393683363,0.8309862017631531
267,4.453,0.22981641715894172,147.52042358293028,22.451413425002784,0.3818998489893917,48.02833195097963,60.96755670542856,0.8292655348777771
268,4.47,0.2562072274249132,150.72360351719797,20.269617455837544,0.3464382633599811,61.570015605022746,63.07253002912429,0.83818119764328
269,4.486,0.2647533533504782,147.88718763806312,19.45233600069522,0.3330225662801379,57.343269328898764,64.06837988112665,0.8450415730476379
270,4.503,0.3059279151182353,144.66733555315471,16.185665149622988,0.2787508411092794,44.83198566920159,67.65140076303575,0.841873824596405
271,4.52,0.06777594605968223,168.13248442545836,15.095026269342759,0.26042069693617786,44.675909979735195,57.55682517416967,0.8474387526512146
272,4.536,0.14682355107291992,172.4609964400584,13.40188340744992,0.23177988012799527,16.220825680914288,81.03646120114847,0.8504841327667236
273,4.553,0.24418796096478726,164.7557548889488,13.460195584230467,0.23276978458072298,25.800205125701424,83.85638414625478,0.8595505952835083
274,4.57,0.3646963729849224,163.0680742639012,12.91670057467439,0.22353422993074284,86.95000048354012,78.68786003922226,0.8680289387702942
275,4.586,0.39466988014282584,171.02967020956876,12.53971830045837,0.21711634502928956,-49.97753732741381,78.22917269624122,0.8742070198059082
276,4.603,0.4243419142687816,150.86778569486648,13.193253009220115,0.2282362225984834,-42.08211151266312,77.7237508134072,0.8737412691116333
277,4.62,0.2941956464287561,175.4839662312932,13.011282232855201,0.22514291524712632,-30.548379928831366,55.72674975405368,0.8760367035865784
278,4.637,0.39757385420016567,168.0959811631332,13.351297249009441,0.230920937650108,46.40094101227655,56.37111714014487,0.8831468224525452
279,4.653,0.32125609659744636,166.96965906641583,13.074801531388815,0.22622293455924436,39.56345734837696,55.08104865606823,0.8911334872245789
280,4.67,0.342766157219313,166.9968577902194,13.261337268060528,0.22939299157315707,41.31820576302148,54.59398419863712,0.8997751474380493
281,4.687,0.3522384727979616,166.86195561047646,12.726838252835835,0.22030313608692498,10.288132163135437,52.76029507117695,0.9060670137405396
282,4.703,0.2883965663919628,175.33480162679075,10.666500413693452,0.1850920715210005,49.329520507750495,52.65481711404045,0.9040499329566956
283,4.72,0.10578654458005154,154.59415082783033,10.225090657372714,0.177515716935014,-9.26781408560717,63.10445229578261,0.9068458676338196
284,4.737,0.1733563528772314,164.47848738106165,8.410946701133875,0.14627203228718322,7.061789503448086,56.62762754183508,0.9075437188148499
285,4.753,0.2018823170726874,168.82328476375244,7.456859829910615,0.12977965877302122,3.242158782271332,56.404183818525645,0.9137464761734009
286,4.77,0.15549310796129212,168.7744424860409,6.127104431492412,0.10673444249879495,2.6134273191570188,59.43950444131057,0.9183343052864075
287,4.787,0.13589178730467485,168.21149372635156,6.619211406228749,0.11527022419131171,7.576670616381145,60.105716274281264,0.9209445714950562
288,4.803,0.07850388692897094,170.12459496565555,7.295030003722467,0.12697856842330266,13.09200288717995,59.453603148077235,0.9093385934829712
289,4.82,0.07999981169203954,168.7438950850596,7.29319205284759,0.1269467497227304,12.227032617194613,58.28249612951472,0.8937081098556519
290,4.837,0.07011344213799717,170.188080050564,6.157997317532177,0.10727052948858125,10.701013273767334,58.732258300121664,0.8859857320785522
291,4.853,0.0667236624892361,170.02615060530735,7.050195159936122,0.1227388372370427,9.54383337695992,57.81987027667704,0.8790016174316406
292,4.87,0.04319096909821116,173.8679090834048,5.219892647909394,0.09097833802654602,10.986866843399273,59.92045130028786,0.8707084655761719
293,4.887,0.013639937636636458,172.8979791763032,3.3920322717099434,0.059167554685366185,16.821721081420925,59.69907241108848,0.8631420731544495
294,4.903,0.00041325971343994094,164.3893514947928,2.46981732031563,0.04309309558444645,43.00047942094597,70.1962959689175,0.8612678647041321
295,4.92,0.01148979355667482,165.16934632142798,3.4327301956713723,0.059876608049889375,16.895305487212067,71.94181629644315,0.8595983982086182
296,4.937,0.03332550167613394,170.98946356212528,2.2262623704091027,0.038845832018695264,15.949039650449361,75.63344825709335,0.8547113537788391
297,4.953,0.09272942170987337,162.0961767885005,1.9781991690068732,0.03451922969289961,-123.59312205672057,72.63513002167294,0.8455418944358826
298,4.97,0.007361923584519729,148.16221124990787,3.0974436775928607,0.05403426197649004,49.74981605783933,77.46794566317168,0.8427440524101257
299,4.987,0.01211351700923592,153.36309025032267,1.4204197828524003,0.02478846265000772,21.44081914620111,77.36860432955251,0.8351671695709229
300,5.003,0.028206147610061686,166.01429108610063,0.8148557792250569,0.014221436853552049,21.823456788844428,68.55186638549881,0.8236861824989319
301,5.02,0.02182828613663601,165.6167875239413,0.5208579659799132,0.009090561232174145,21.51582483638078,57.52759688343715,0.8094505667686462
302,5.037,0.028821989902087074,172.50890040956196,0.7898108950009508,0.01378436402373237,27.288910899513525,66.25937216648353,0.8056271076202393
303,5.053,0.018450895219281924,172.30864467762163,0.30451297625595364,0.0053147290301176755,7.683336613028349,59.20453042502735,0.8009111881256104
304,5.07,0.06357765565944347,177.08923396137155,0.8199614908706436,0.014310539264020556,15.89905093625414,58.139946088390275,0.7818019390106201
305,5.087,0.07091592842918978,178.4420311307344,0.9114887945377708,0.015907809549152205,15.375598079562344,51.08028486418056,0.7690742611885071
306,5.104,0.057785283561848824,179.5023115665507,2.116390185661062,0.03692957778665224,61.31249989878553,51.119683427450646,0.7647290825843811
307,5.12,0.00444034847920364,179.14500008278463,0.19487474590502438,0.0034011993873943034,-127.4944668926687,46.9949856795292,0.760685384273529
308,5.137,0.020030690848053503,173.06169497793599,0.6303274127543378,0.011001066808173452,-149.65962326831686,54.05180631098217,0.7664156556129456
309,5.154,0.03336629289538551,171.91125540897443,0.7892959918403952,0.013775378121516633,-158.86460882414474,54.2397893979801,0.7707991003990173
310,5.17,0.05543829931294614,176.0190827766479,1.1585397181989863,0.020218954738767444,-152.64504652680944,53.202613577994825,0.770082414150238
311,5.187,0.0715264371117935,168.02012178623264,2.2452417199000125,0.03917683199603322,-155.92849910700897,52.493615052653595,0.7819071412086487
312,5.204,0.08508289285841289,174.51914711197063,3.0200234031919284,0.052684948410637845,-144.9957782954533,49.746852840463205,0.7742624282836914
313,5.22,0.08705876070145618,178.84171377059502,2.834057557691107,0.04944346799579669,-126.94289117938172,50.365213068585135,0.7743457555770874
314,5.237,0.08263723389723089,179.95776926767607,2.660361639650293,0.04641538760024257,44.429400558117464,50.22422280652677,0.774621844291687
315,5.254,0.08061648825866023,178.79553378046006,2.8618582876233702,0.0499280829742092,30.287281819992046,51.68085400315887,0.7714967131614685
316,5.27,0.12388979285582294,178.83110448178292,3.6456767459240567,0.06358613598891054,-160.39933252292656,51.029181916745685,0.7715767025947571
317,5.287,0.113475775938175,178.74368008496188,3.335365522423264,0.05818023725763417,-148.8492646197161,50.207171560076326,0.7721421122550964
318,5.304,0.15983466252445333,166.84072373926026,2.771339337189669,0.04835013797041729,16.2873532125615,48.28751915779919,0.7837758660316467
319,5.32,0.16844090273296172,167.60940268396945,2.200632564620348,0.03839884128288688,18.578114590200045,52.416000218992224,0.7945094704627991
320,5.337,0.19874998320485868,162.73680134190496,2.334510697352876,0.040733625276112836,15.898309190735034,47.03082419964204,0.8005699515342712
321,5.354,0.22173677502648567,169.29497883089033,2.9776013539323873,0.051945557888007476,23.426412908533877,51.547976398044696,0.8141475319862366
322,5.37,0.26076926572075787,166.50223595680285,3.6481072323910158,0.06362847007991913,13.497098014702487,56.840122690521326,0.8248157501220703
323,5.387,0.26992095538574146,166.73433755295196,3.951460647340423,0.06891134095966901,11.977914646451126,55.36918925426147,0.8376304507255554
324,5.404,0.28761932210910385,160.49964450160124,3.7877944424700045,0.06606134007887297,-162.40105354266757,59.95567349008652,0.851280927658081
325,5.42,0.2726298949956398,162.61775464067082,2.771537709488887,0.048353596170612995,25.411446975648886,62.61201816433931,0.862217366695404
326,5.437,0.26594947851365497,164.3237764699821,2.4398253245105566,0.04257011688983235,72.98970597395538,60.28139361040292,0.8682694435119629
327,5.454,0.2661992238791326,163.60307528363913,2.3186349030453743,0.04045676880289843,67.5160010473706,59.57357734866824,0.8760175704956055
328,5.47,0.27894720887888214,163.54461796212397,3.723539899145901,0.06494229517506872,-106.72531509175275,72.62968895790218,0.8861011862754822
329,5.487,0.284846500405063,162.36702607015462,5.3320441593507555,0.09292745798388018,-127.64949537865334,78.70047741879996,0.8954293131828308
330,5.504,0.293491863259051,135.35877122316307,5.13618863622129,0.08952338944102319,16.936978218286356,68.20841521191687,0.904247522354126
331,5.52,0.2929449016795361,126.50978451353124,4.938207113881008,0.08608130692917898,14.959981803543315,68.3613496119317,0.9120182991027832
332,5.537,0.2622641412879025,119.47377850943364,6.162372677544819,0.1073464529811425,9.216987641939795,71.33101402581208,0.9177921414375305
333,5.554,0.26391245290288573,118.02630187807188,6.32304542933271,0.1101340918070995,6.077159763744078,74.3999569127781,0.9234561920166016
334,5.571,0.2294600720617775,104.18002119423454,8.547341633744415,0.14862655212885986,3.796504145417515,70.2691307299762,0.9290599822998047
335,5.587,0.23395599343535894,102.69383381072397,9.031551701359666,0.15697834256891044,2.579958380857562,71.35138201231858,0.9336366057395935
336,5.604,0.22402929299776028,116.21294727666485,9.637961438958966,0.16742198380823026,5.537653836376705,75.50890094507085,0.9362212419509888
337,5.621,0.22759641593062793,116.85356246890429,9.486137496826323,0.16480897285755622,8.054433167360202,74.24980219241111,0.9387804865837097
338,5.637,0.22921391198163354,117.06109101363779,9.754545373374713,0.16942768918432216,9.391988683485721,72.58215825417301,0.9409785866737366
339,5.654,0.22723261870849099,119.49849704494481,9.583073182945759,0.1664774479256455,8.248978374086647,73.17169040333955,0.9425777196884155
340,5.671,0.21107135708595892,95.98412387994611,11.637991941175844,0.20172741802139302,11.116372701595992,72.60416408615257,0.9424542784690857
341,5.687,0.20976163667957595,91.8388648080713,11.413965047673129,0.19789626194150586,10.596193378257055,72.46454624424783,0.9372748732566833
342,5.704,0.18166426236118063,77.21149715418227,13.553777151447013,0.2343579159794167,11.06280650141278,71.8827828873926,0.9383891820907593
343,5.721,0.19004101223753025,79.2828726228706,12.507847943006153,0.21657333755843014,12.705058629262965,74.31161331733816,0.9388855695724487
344,5.737,0.18107968679803524,68.38513749311937,13.970666235176239,0.24142510085775604,8.210743674884526,73.92740619961242,0.9418984055519104
345,5.754,0.17924175110029064,70.88859509421933,14.108135463907868,0.24375272206955514,6.223003789127233,74.38637724139225,0.9447331428527832
346,5.771,0.171230931843762,70.0505110481212,14.434696306467552,0.24927638138546154,5.788292252708914,76.85169546022034,0.9483979940414429
347,5.787,0.17575650792572065,68.351471654357,14.046682441518799,0.242712375598552,4.757878554751102,78.1414497733354,0.9509998559951782
348,5.804,0.15990638098176552,71.71378454991681,14.07034880503896,0.24311305976988254,3.114522972118607,86.65241539699102,0.9537839889526367
349,5.821,0.16345852627158997,75.37097178878648,13.615162490905096,0.23539932014344045,3.046568085706781,90.75137163647611,0.955696702003479
350,5.837,0.1653617707523549,77.34841076538846,13.41103513127316,0.23193525521999953,3.269650744315811,93.02417550126924,0.957471489906311
351,5.854,0.16714082630671395,77.08386827415382,13.34524903146472,0.2308182281100877,4.136998555354893,95.77348177779128,0.9592260122299194
352,5.871,0.13163959431186434,88.73059272836602,14.213382883924913,0.24553381775872096,6.916352819030266,92.87568912653913,0.960872232913971
353,5.887,0.12223224859749494,87.38117851533553,14.608552633157267,0.2522138069385246,6.64021160897957,78.40695604993408,0.9608981609344482
354,5.904,0.08980590119647915,110.74984144409873,15.231103719584281,0.2627130110711432,10.979203843530797,90.57356262428688,0.9633956551551819
355,5.921,0.07966620653659566,126.77959859250034,15.800302526884094,0.2722853276345798,12.223613895898836,91.43949655331984,0.9642432332038879
356,5.937,0.0646489330908878,147.03488982926476,15.968408002365313,0.2751072892631758,14.8510824596666,83.92536651486725,0.9661389589309692
357,5.954,0.06207088145578622,145.12769295453637,16.037903731837577,0.2762732132465417,16.509234652986038,89.3881580302811,0.9678310751914978
358,5.971,0.09614322447254812,159.05787320951384,15.061620835667169,0.2598577353754205,15.502891693904616,98.18931174001202,0.9692633152008057
359,5.987,0.027275048355330338,162.03920888108584,15.111518492277007,0.26069859776136495,14.83518140367957,92.83465287871388,0.9700981378555298
360,6.004,0.24017224930840297,164.19208544342285,13.848426626329957,0.23935417893113475,10.771202896027205,95.27519201564738,0.9689240455627441
361,6.021,0.1241776044559399,164.50215306478398,13.596586885567886,0.23508421288639175,10.227312244449479,85.94372867599432,0.9667956233024597
362,6.037,0.15699510474833692,165.49862826390228,12.397303644487081,0.21468936445693992,7.365248556176169,86.07457823261478,0.9527868032455444
363,6.054,0.1350614724909703,165.49045355239596,12.08367811510042,0.20934001267393032,6.593044042222317,87.38573765405911,0.9447634220123291
364,6.071,0.05764168739583348,167.79546777242925,11.65693155220633,0.2020511698443353,6.588738877026543,76.39534880973423,0.9464202523231506
365,6.088,0.015201873608327945,174.68595313342064,12.66382209625434,0.21923018509586437,10.851973381465541,80.34571324718937,0.9466801285743713
366,6.104,0.015652662867805114,173.66714384544358,12.882991072281364,0.22296073682419798,10.213372125912514,79.1672555785556,0.9488949775695801
367,6.121,0.016893342371612996,170.10547823098574,12.580953300780878,0.21781880766954992,9.67589542315352,74.34428549904625,0.9463146924972534
368,6.138,0.0038371020342836005,169.43726960959475,12.656509971808475,0.21910566727035372,10.71957218090742,83.75516482655037,0.9502444863319397
369,6.154,0.011737049656898577,177.75109134127658,12.663357606456177,0.21922227542697878,11.328737559233474,86.41401847761637,0.9538198113441467
370,6.171,0.0026216804684988755,177.55025544664247,12.736653350542616,0.2204702298918955,11.199130639938147,80.6168334081048,0.9557343125343323
371,6.188,0.014750521174917213,179.34307186066673,12.9845868278647,0.2246889303299054,11.228687610762705,82.3979388153255,0.959324836730957
372,6.204,0.0050130688022991705,175.42095713303897,12.536132116189911,0.2170552469367727,10.479309790498206,77.40447315186465,0.9602894186973572
373,6.221,0.005482348622276166,164.73205278948913,10.82632569024746,0.18783262628681577,7.0595259273474085,76.34703613821087,0.9586763381958008
374,6.238,0.0017102180379804544,158.29734999247833,8.978658865184123,0.1560665668900866,2.943287398990293,73.65379053146997,0.957265317440033
375,6.254,0.023768938229790447,157.14860538600735,8.242339607333104,0.14336030523504326,4.370271973122158,73.91178054092595,0.9578538537025452
376,6.271,0.022764552911271094,165.93400270771116,6.778857615957849,0.11803755179752103,7.506788321501631,73.76650560927227,0.9571796655654907
377,6.288,0.04417433825738461,124.90645336693795,5.336916111151078,0.09301212130595861,3.936498274945592,17.596547967385597,0.9364646077156067
378,6.304,0.12734192218241452,154.11314796193713,3.623838513008281,0.06320575362295056,17.603423498365373,84.14901805059273,0.9392436742782593
379,6.321,0.06641479191224543,163.10258278294066,2.6672476076964746,0.04653544054931548,17.3831396052868,80.32196133016915,0.9393244385719299
380,6.338,0.07566333313738977,171.70643429679222,1.1187907477264034,0.01952534133900003,19.675523913839385,86.12939493195324,0.9431499242782593
381,6.354,0.0916867424342609,163.9448572332096,0.6040935991034846,0.010543226954597725,13.635716137600355,80.20114331888534,0.9376665949821472
382,6.371,0.09714111845545734,125.39413838185074,0.9173499491733511,0.016010092967792357,14.538542942793612,85.82676567524284,0.9400112628936768
383,6.388,0.0853664257427158,155.6205397756828,1.6434021161469878,0.02867884512754714,13.24435154604626,82.61002501311368,0.9425545334815979
384,6.404,0.02250957665644693,161.72155128172633,0.6422412046325761,0.011208988880639568,9.113093023483316,80.689967539537,0.9390475749969482
385,6.421,0.04733653574052664,108.93315374650255,1.0433071670198122,0.01820813891411442,10.543602368874133,80.38931701675745,0.9375979900360107
386,6.438,0.09415042447885497,93.99367308017102,1.459709840858882,0.02547398692827753,7.083663609269934,56.085496305959815,0.919631838798523
387,6.454,0.06956572762331716,4.324741619485407,1.454387339385798,0.02538112178919564,1.540045783408317,82.69180593472944,0.893089771270752
388,6.471,0.08041197290337015,85.80173726087203,1.7279605320054472,0.030154029087653172,15.322821041403103,66.93224119849957,0.8601595759391785
389,6.488,0.08021697218448877,120.1896153422153,1.8863299755032668,0.03291672168212824,13.399118427268604,78.90127222004593,0.8465675115585327
390,6.504,0.022219006796802374,144.95914820344058,3.3990141540940724,0.05928919759618081,-167.62407770283983,72.76496350858764,0.8384697437286377
391,6.521,0.007993090342052511,123.00998164634355,3.2903388181189075,0.05739568631050405,-162.82846321146917,65.81138246263858,0.808062732219696
392,6.538,0.129709480675024,155.47708361117736,2.698371182134848,0.047078054014844474,-162.7758372527154,94.63289617159732,0.824516773223877
393,6.555,0.1443715307080399,111.74925810257488,1.919349330322076,0.03349270034633897,-166.40669852508387,103.03262104640973,0.8401364684104919
394,6.571,0.18188214599121835,44.113359834550046,0.42713573924479464,0.007454855950583985,-167.28318738436565,110.03522897165148,0.8553932905197144
395,6.588,0.18499794630856042,24.274680386912554,0.10604202655843149,0.0018507814523216132,8.84930264139021,107.32091791562823,0.8689733743667603
396,6.605,0.2050160466025658,59.525514209583335,1.0934970302225806,0.019083964958859067,2.728714843095446,106.10974292028504,0.8810663819313049
397,6.621,0.20397622642860722,37.996944804441654,2.309929123804651,0.040304948223288506,8.042399480819569,104.39594470598556,0.8920801877975464
398,6.638,0.1996413240518341,62.37490069532538,3.6250500069956364,0.06322685588958912,8.692399315347558,103.8183674368799,0.9022432565689087
399,6.655,0.188678540480147,84.8331425671226,4.73196276347038,0.08249447545992988,17.132890124633633,105.32541390938161,0.911680281162262
400,6.671,0.19709292211565302,69.68004633247354,6.023233857301045,0.10493174055885116,19.80241873655561,105.70795528150857,0.9199119210243225
401,6.688,0.19893416101021139,82.55699269321568,6.346478575209556,0.11054058016809358,13.476459348368905,103.55531013528599,0.927449643611908
402,6.705,0.20899419004030637,0.3686017613791964,6.014867886537711,0.10478653178539751,9.35471756164523,81.12157108426148,0.9327366948127747
403,6.721,0.2084841523691296,15.290822764931994,5.350532537352834,0.09324873992200523,10.288794219775554,83.88055409151904,0.9226671457290649
404,6.738,0.21686565355448414,15.488316485387196,4.039084649121101,0.07043695157810256,10.063613450928585,102.90997538770806,0.9140653014183044
405,6.755,0.22242982187196747,58.048846433683295,3.4394055512294237,0.05999290553814164,12.547906946383705,111.4023877520428,0.9059086441993713
406,6.771,0.23758503043393073,156.10122930203272,2.223848940338504,0.03880374147649379,10.550672656500808,121.38209203539803,0.9091702103614807
407,6.788,0.2450933562811149,167.89765497710934,1.2717776578491662,0.022194884830892672,7.5987158284857514,123.83900563868329,0.9122273325920105
408,6.805,0.25877333517545664,177.31106033365953,0.6857071161791541,0.0119675611925546,-167.29415182520972,129.3528044145486,0.9193029403686523
409,6.821,0.2688521084379528,171.20797018871485,0.1936196908930166,0.003379294671026574,-165.66569137913768,132.02386699226875,0.9255630373954773
410,6.838,0.27129035555320596,175.1546189070732,0.2600729983865649,0.0045391145302479665,-166.98670879504203,131.5105766795829,0.9314966797828674
411,6.855,0.27098209808734275,176.5691998684605,0.18467568312053942,0.003223193137852085,-166.05336879674059,131.57032878,0.9368286728858948
412,6.871,0.2737473062832171,179.48931786896725,0.542784114879267,0.009473228235285295,-160.85192313092534,137.0298086503861,0.942151665687561
413,6.888,0.2705491013862877,178.83526068763047,1.5722084941806351,0.027436771292270175,-162.99657081705573,137.157266581967,0.9463873505592346
414,6.905,0.26198331088698207,172.20160870833263,1.1553411324183638,0.02016314026615264,-162.5457983078445,135.05413393941052,0.9505518078804016
415,6.921,0.24818680489497802,173.66005993800258,1.406374567782774,0.02454340198600192,-162.39879671157945,134.3719754780031,0.9546152353286743
416,6.938,0.24441185406662083,172.84642513123202,0.20701048380187523,0.0036130066678548498,-157.07451249433063,132.5895252922889,0.9577374458312988
417,6.955,0.2631866100398558,174.17278382450235,1.1605028629752654,0.020253211062684198,-159.21471745406052,135.0694374549858,0.9606499671936035
418,6.971,0.41477353157287683,154.90565194764957,2.6523748710632242,0.04627614197817649,18.184932791903975,99.53448541774577,0.9627673029899597
419,6.988,0.31117557446508937,176.12334010433753,3.2166622996754723,0.05611186117443316,17.382187762771395,134.99051127734313,0.9648709297180176
420,7.005,0.33424503146459117,176.78954389500726,4.679589224441232,0.08158346608332233,17.605775007790612,133.0142712319166,0.9663206934928894
421,7.022,0.394953044076597,155.19303441376545,5.382719421733479,0.09380804458014978,20.39942621096347,125.25145427600869,0.9665154218673706
422,7.038,0.3874693013346526,154.51578144278767,5.815949032648901,0.10133323137445026,21.594656967880155,110.02500274874481,0.9638633728027344
423,7.055,0.3441637900952289,169.58762707435235,6.567478122018381,0.11437327986792334,21.488887881875883,129.1072062412739,0.9605048894882202
424,7.072,0.3753672993828379,154.55206927439522,8.185208993800133,0.14237341648188007,20.45326243532716,113.63348834073658,0.9589267373085022
425,7.088,0.3483190310212195,177.48050569935705,7.591093681898893,0.13210230958140504,19.498443089285814,126.88687474787855,0.9567124247550964
426,7.105,0.3448326060511192,153.0504386500177,10.955785440522204,0.19005142710987377,15.45847244956181,96.22713924229997,0.9566428065299988
427,7.122,0.30510869893826703,158.99882815052447,13.714830977120457,0.2370896230177097,15.889319203217326,92.92600029712027,0.9502182006835938
428,7.138,0.2638764210314206,142.37573720414852,16.43475346949145,0.28292328872099665,10.588315590121567,100.54905485907234,0.9459010362625122
429,7.155,0.25112066015255574,141.4322373651539,16.457656046917673,0.2833066597275516,9.48524378119626,98.08235359279891,0.9341260194778442
430,7.172,0.24679865764865272,132.4371614270734,17.428746105266764,0.2995195105069484,3.6277234138249526,94.2282582375184,0.9080103635787964
431,7.188,0.25487110741849023,129.82585044722825,17.226840535126637,0.2961555231852925,0.4929329800475557,96.84148770349614,0.890206515789032
432,7.205,0.2642217981870351,135.7586135019747,15.361962274052322,0.26491601192606085,0.3981918616212283,96.20302877943841,0.8731861710548401
433,7.222,0.278149028342304,143.7588934000201,14.08431761614684,0.2433495397386984,0.6179769323317998,99.24945500933616,0.876979410648346
434,7.238,0.2767331036531108,138.83129085643256,14.106872543893957,0.24373134474501235,0.9542785193738155,100.92091088143127,0.8798589706420898
435,7.255,0.2779959241097119,143.88612493018144,13.904740115651428,0.2403083496363292,1.1702757326954725,103.10255728896556,0.8837577104568481
436,7.272,0.2750084968036657,147.93315403258381,13.13291924901667,0.22721086718978445,1.2090043951541247,104.23425882457572,0.8688528537750244
437,7.288,0.27191066762717303,143.375302680876,13.041825161969989,0.22566227161716723,0.46919130856340985,106.00888039431791,0.8565376400947571
438,7.305,0.3174810776807511,161.4752745114102,11.44663768626523,0.19845519709882586,0.7287294256654206,110.9098270746669,0.8611062169075012
439,7.322,0.33946142517171396,164.95400756947734,10.353346770580783,0.17971821000657795,0.9071122503096944,112.04246828572714,0.8634670376777649
440,7.338,0.33827433856291333,178.0929508818675,9.287024143059387,0.16138032233877686,3.1636568896225015,104.69002944101611,0.8725661039352417
441,7.355,0.34126868009574285,179.3033675321789,8.7171481804149,0.15155666198707832,4.365090761745307,100.08493078758765,0.8799488544464111
442,7.372,0.34096684090985724,171.48065145917542,8.861774349650563,0.15405122119728862,5.550339619769318,97.30970768787618,0.88705974817276
443,7.388,0.3391475745017666,178.07535726766076,9.062207413333068,0.15750672974279606,6.670169667363012,97.35793582023703,0.8920309543609619
444,7.405,0.342708685524627,174.4595890991833,8.783644049849054,0.15270372525924505,9.543796006849078,94.67563750127026,0.8877760767936707
445,7.422,0.3500689135965681,176.6441614933023,8.51948560307458,0.14814575493341528,11.35861286830962,91.58937680224824,0.8900062441825867
446,7.438,0.35714903044485347,178.6647926125185,8.2419296781577,0.14335322452069732,12.32834860812099,89.12769132832688,0.8896258473396301
447,7.455,0.36120271840424195,175.17156545137698,7.970771584701774,0.13866791536139958,12.881116358691145,87.59415737346548,0.8926795125007629
448,7.472,0.3593338159569718,177.04606976691824,7.808510892228375,0.13586273968376425,15.096664688512277,90.06231833140359,0.881237268447876
449,7.488,0.3663753410373759,177.47326200216452,7.676270162996381,0.13357574458406568,16.687129725534135,91.11682303742934,0.8742526769638062
450,7.505,0.37282836981831763,179.20714076515023,7.340610997084675,0.12776762705253555,17.56573520995073,97.28999709109199,0.8420950770378113
451,7.522,0.36942523541097105,177.17885673304608,7.45429026497073,0.12973519055452268,18.78014619935837,96.90509466479423,0.8375519514083862
452,7.539,0.36363050350940646,175.39035528563645,7.208619183061857,0.1254824790587404,-161.2596026714832,96.79515804597128,0.8425636291503906
453,7.555,0.3695465884074067,176.6069525295626,6.900996894774641,0.12015411189687132,-164.5074789433827,98.13081777463522,0.8524348735809326
454,7.572,0.3785087150351896,176.00392450685763,6.823543842299169,0.11881198526897012,-164.10958487647906,95.49316642547795,0.8565544486045837
455,7.589,0.3857115816233183,171.72760391304723,6.498251524970882,0.11317289323445896,-162.78685195021808,91.40830902136508,0.8622917532920837
456,7.605,0.3943878685989971,166.89167326234468,6.193094013840448,0.10787952772238406,-162.3675900806021,91.81111461032862,0.8622426986694336
457,7.622,0.22113064019341783,163.14181871153298,5.430010713781594,0.09462976157188177,-160.39358608445264,101.19967512529725,0.8731892704963684
458,7.639,0.2277433333288435,164.04774052772942,5.648050634913175,0.09841750463041146,-160.67337669225077,101.41419566263238,0.880810558795929
459,7.655,0.21750032932387453,163.51976519396314,5.531264330508678,0.09638889159425496,-160.26153548087035,101.74719389088588,0.88871169090271
460,7.672,0.4167069596216997,159.59459115546866,5.007823926103254,0.08729177557915979,-161.16451413389018,93.18647076776666,0.8916911482810974
461,7.689,0.285865639844462,168.45194737262784,4.618602386440119,0.0805225471774502,-160.0367641225796,97.98237970941899,0.8921751379966736
462,7.705,0.2884344995565195,164.1978893953837,2.270467483290212,0.039616762812013664,-161.02868240843554,87.56208621660403,0.9005538821220398
463,7.722,0.29250683713593867,162.58445622172758,2.064593398085351,0.03602615499579322,-159.5786144846204,93.37618118331262,0.9067367911338806
464,7.739,0.2734286163374286,154.46770919455557,0.8411251950063052,0.014679876773942101,-160.56684740595398,100.0138195435763,0.9116113185882568
465,7.755,0.26518263113300744,153.15317667692497,1.4143033260559323,0.02468174300228331,-159.31412931123998,94.73017590574531,0.918617844581604
466,7.772,0.25758611161656864,140.30049909498925,1.5175380778987033,0.026482939388700527,-162.42111636623724,97.02252513053318,0.9229620099067688
467,7.789,0.2522265213403306,137.67363459603484,1.910907905680951,0.03334545198789946,-161.41959403250883,98.20915167303795,0.9252685308456421
468,7.805,0.2206253746866142,131.3371529268784,0.734305257732662,0.012815693623677916,-163.36662887987114,99.98115108745796,0.9295098781585693
469,7.822,0.20528045331747669,133.3161765085614,0.2390197502869614,0.00417166951990051,-165.10852292869424,96.92592132801667,0.9317307472229004
470,7.839,0.2023629568408485,132.51179307325907,0.06968661541594218,0.0012162605837120486,-165.9189915802649,97.60217573010978,0.9259986281394958
471,7.855,0.20114476263085698,134.5606985260328,0.4170760436573921,0.007279285905675926,-166.59193864095732,97.37907872519627,0.9203373193740845
472,7.872,0.1861431999223997,120.43849082357175,0.19528836594715185,0.00340841837713741,-167.53104167320242,94.25075347219122,0.913914680480957
473,7.889,0.1858809208945725,115.23668070582136,0.5486162130093007,0.009575012933208133,10.368850896236012,89.99602614204494,0.9021826386451721
474,7.905,0.19483567205158783,128.2908007100306,2.841642122592536,0.049575681286579965,9.997423850308934,78.65723258382421,0.8898361325263977
475,7.922,0.2051940542865771,135.74870075927387,4.055527523755474,0.07072321817742272,9.149401056202777,81.07332860474727,0.8810768723487854
476,7.939,0.18762532849507993,133.24009532588948,4.805357033638769,0.08377101293135868,4.600713530199158,77.58202050882493,0.8830702304840088
477,7.955,0.19250370040726375,126.91690546185589,5.295162256793146,0.09228651355324548,3.9985604164242545,86.55283020949652,0.8875675797462463
478,7.972,0.17140644409924627,136.29227994410184,6.8411167092846155,0.11911651160620855,-173.22725759009052,94.38805649464406,0.8950411677360535
479,7.989,0.16973881465450574,136.0151227540578,6.992207583141343,0.12173435269579383,-170.5029398098718,96.68691266873526,0.9016369581222534
480,8.006,0.11664928375967655,150.9439451225976,6.209730963300947,0.10816819811182443,-161.03681642790275,91.86711593843191,0.9074275493621826
481,8.022,0.2434884538767039,156.55710969543605,5.8558335948679465,0.10202574046388829,-158.95319470055574,66.5714547482202,0.9120419025421143
482,8.039,0.17835783656053192,165.63172802461096,5.614948080564246,0.09784254451890066,-162.1457624538766,64.66759529336623,0.9176704287528992
483,8.056,0.13502092640547675,176.81635384184062,5.7738117886354985,0.10060155600629543,-161.9596335846037,69.03090466351834,0.9228947758674622
484,8.072,0.23134789811849893,167.59410201729077,6.0053642143459705,0.1046215731338283,-157.559656770073,99.15616362051301,0.9268778562545776
485,8.089,0.40870832869483403,172.32438428971193,6.66925618757793,0.11613780407567248,-163.79212717957517,78.82111313289796,0.9306882619857788
486,8.106,0.33533825189036065,169.2638609860595,7.741115704637597,0.13469728478322057,-167.80625174852423,54.718843150577115,0.9266726970672607
487,8.122,0.18869429266205964,173.63471969295554,7.590457331870044,0.1320913005056126,-167.9382254513921,101.60089900388884,0.9308351874351501
488,8.139,0.2775879621143988,172.92926732722293,6.593284335213275,0.1148207160228302,-168.7809728183223,52.59601495997896,0.9311801791191101
489,8.156,0.13544791021245767,176.6030688009147,7.616049950999818,0.13253404881185546,-166.83257331795488,98.8110649915299,0.9346413612365723
490,8.172,0.04378120862970761,179.41879335574728,7.0278510503012335,0.12235179825604499,-167.09814979505893,62.77546630134593,0.9378558397293091
491,8.189,0.007847184410906767,179.85214238317346,7.228371299815152,0.1258244861896646,-167.51932881001744,93.81656106448878,0.9418284296989441
492,8.206,0.029095199881064956,175.88116445142924,8.676933945964459,0.15086286152702724,11.405815412230652,52.37959327776945,0.9439839720726013
493,8.222,0.03391846989267448,179.57096119300007,8.643383373259645,0.15028396973615013,7.622587479071228,44.32540960745192,0.9469813704490662
494,8.239,0.04772755979613225,179.3907502676644,8.23393897759016,0.14321519953451625,5.160432631448032,42.584123446071786,0.9496487975120544
495,8.256,0.04238076812469891,178.32875083722513,8.913415308283772,0.15494170426362097,6.180757711313333,42.22604837472869,0.9513041973114014
496,8.272,0.053940633509484553,168.2156565427004,10.709065483606109,0.18582208455067128,2.7502944521750123,60.080971860545915,0.9532433152198792
497,8.289,0.14218857406465124,176.9921539369946,10.537283921015222,0.1828753175565468,2.240917473074802,78.93403593460657,0.9553810954093933
498,8.306,0.09416061262317078,177.9843465560519,12.503258806170019,0.21649514227576513,0.4708080286134759,39.20135238589927,0.9567512273788452
499,8.322,0.12016354591901526,175.09272518848832,12.286231146817524,0.21279558452358685,1.4511289350818117,42.40303395450946,0.9584001302719116
500,8.339,0.1469245826148179,176.9226376753006,14.714619719042906,0.254004746521043,5.006949311648469,72.97371258319365,0.9605923295021057
501,8.356,0.13153587016512752,175.69937542297504,15.134159432968103,0.26108007185636767,6.63986923781988,72.75012433851073,0.9629807472229004
502,8.372,0.11871363123923777,179.42426907474476,16.22880029773184,0.2794737720171513,18.695273766555488,60.217939063969595,0.9653979539871216
503,8.389,0.10935769504914931,175.89496771970795,16.238797945122396,0.27964130670577664,21.537214741847492,57.21505250683663,0.9677911996841431
504,8.406,0.04946561579745057,155.53808540658335,16.959425018383268,0.29169440797480883,28.382061138789396,54.91683052576649,0.9684858918190002
505,8.422,0.07263734933186373,170.75804967821026,16.907669533222364,0.29083026872680035,-149.90107266589962,51.50474244023147,0.9698846340179443
506,8.439,0.09008733732331323,171.70497943953833,16.74162441930296,0.2880562858758426,-148.40297554694564,51.63233711141894,0.9703197479248047
507,8.456,0.08208599602526316,173.40706128635603,16.65195428920682,0.28655723126001614,-146.98173575565477,58.64410051905646,0.9679939150810242
508,8.473,0.01595428897010857,176.24359240181113,16.779573328025005,0.28869048204272507,-143.47088444210613,51.71977974981014,0.9683293700218201
509,8.489,0.02829060775208204,174.41678902994605,16.53312714417321,0.28456966542644163,-141.06915923704526,56.566530946939366,0.9682744145393372
510,8.506,0.1458315567790147,168.86115241804148,16.0787920157552,0.27695900272308094,-138.72036504440712,71.25666407912716,0.9666494131088257
511,8.523,0.24408944528662566,156.4448245073132,15.843744586003549,0.27301480859423427,-137.2306539918173,78.36900319307443,0.9630630016326904
512,8.539,0.09230510210102548,175.03979559499334,15.322078199368088,0.26424471028980956,-134.5365602478895,62.42055495639118,0.9648734927177429
513,8.556,0.04561354804248034,168.09777809245946,14.905320818741597,0.25722253533925304,-132.5195558208364,69.04600579154076,0.9655303955078125
514,8.573,0.10635109034025444,117.82766331161731,14.763369223553436,0.2548275888411312,-131.72493857444545,83.99714466824938,0.9643973708152771
515,8.589,0.15005912706781366,127.91729107217084,14.560903335769913,0.251408968240981,-129.9243365124973,88.52165862459131,0.9649193286895752
516,8.606,0.1406923240471793,126.68566054658154,14.671549480507526,0.2532776114501615,-129.6336241804397,85.72676519385746,0.9660647511482239
517,8.623,0.13974512175235687,120.76206740681285,14.838367118378489,0.2560931170171237,-129.557414605225,87.37204249498193,0.9672070145606995
518,8.639,0.14182480427286515,122.7064187260657,15.321848664025401,0.26424084653605073,-129.09675215293333,90.7703297810152,0.9685158133506775
519,8.656,0.13796604703042173,135.98230126649366,16.711230769332566,0.2875482608531129,-128.27639311053576,82.90279399974683,0.9694341421127319
520,8.673,0.04812398136571298,140.16446587625944,16.87631138002208,0.2903065795323046,-124.71156061945476,76.9530078404206,0.9606322050094604
521,8.689,0.12690690658384607,127.29795514068334,17.561532728441655,0.301729868983553,-122.00297041837024,87.032660399402,0.9626533389091492
522,8.706,0.3242388575847424,160.16569653985732,18.49897030135552,0.3172876134304357,-121.6470134190489,50.74815358891016,0.9614196419715881
523,8.723,0.015202536668624277,141.59988073376147,17.780504471088566,0.3053713146128736,-122.92398181069825,57.065579831128034,0.9611240029335022
524,8.739,0.0009918941269219644,96.63902545082617,18.032088626773024,0.3095495871686233,-116.94246531065573,99.95257700301211,0.9647350311279297
525,8.756,0.44413222242748635,175.75481366610785,17.596235888489577,0.3023072691511166,-118.89308064493275,34.17221750407421,0.9638124108314514
526,8.773,0.03675726326748045,96.99857879949424,17.056692792017728,0.2933178019359418,-113.75434721835802,103.11119305978019,0.9670609831809998
527,8.789,0.8439064275886007,138.40952364846856,16.761459915803552,0.2883877893403353,-116.07389851582161,12.76452208563826,0.9647548794746399
528,8.806,0.05158783505008906,108.15220576182507,17.68178291816109,0.3037301486950146,-104.61716119404525,79.37754090476257,0.9679039120674133
529,8.823,0.1014224871392089,105.1816926202902,17.183937567553784,0.2954402334636281,-107.36196955961321,96.22632579888085,0.9706653952598572
530,8.839,0.10460503121667392,106.88988954046758,17.72689577484675,0.30448022559818877,-102.30145098180242,99.59658562295483,0.973419189453125
531,8.856,0.10756039162889146,106.76748032477809,17.90953846668377,0.30751503273928266,-100.61318362469876,99.25877686556015,0.9757013916969299
532,8.873,0.11553071057040247,114.07877716860881,18.54770036593922,0.3180940527647236,-98.17303265881111,96.99683921102512,0.9777011275291443
533,8.889,0.11805415908760995,106.40775803779188,18.08337301360496,0.31040058101553303,-104.84260216363248,98.15416778721067,0.9797649383544922
534,8.906,0.12063223300761304,110.16127674245551,18.24820546145479,0.3131340611778409,-102.14258958687947,97.0520385511791,0.9813998341560364
535,8.923,0.11876363650807094,112.50899875338725,17.72817776683286,0.30450153810896063,-108.09780708990218,91.74619370359758,0.9801066517829895
536,8.939,0.09717898022196257,133.84810492214035,16.896044291116862,0.29063613435760854,-109.44497032900153,81.02375357224521,0.9801988005638123
537,8.956,0.0839439700982843,130.48069299989476,16.265807396148524,0.2800938725968951,-110.97152061365693,78.674574115905,0.9799498319625854
538,8.973,0.06285416487387112,136.3408312473387,16.23360796634839,0.27955433715961714,-115.27440318034326,87.77248770293029,0.97845458984375
539,8.99,0.055194884508929454,166.43895860933256,16.251098862826694,0.27984742655905226,-116.34118522385631,84.43406751232018,0.9777389168739319
540,9.006,0.22378040142889058,159.4749361677806,16.121277738312653,0.2776714354506282,-117.77818748049219,107.98919930114819,0.9738813638687134
541,9.023,0.4079230605783835,103.56349085181562,16.153541226728436,0.27821235205223627,-115.50139390275399,150.64478120066863,0.9673051238059998
542,9.04,0.21166424710733353,155.38704840939758,16.607300491885507,0.28581047226756257,-113.49603550010477,81.73984405382078,0.9598631262779236
543,9.056,0.18554298454213208,153.45289750224606,16.20554472613724,0.27908403593187203,-115.89782712617597,67.10863833255033,0.9585607647895813
544,9.073,0.3295341796713188,125.80225703919541,16.411671351939702,0.2825368666165541,-120.83529757342654,79.94165860730817,0.9524497389793396
545,9.09,0.37445909361304425,141.9171040166234,15.222215627778539,0.262563330413725,-132.9172179968241,53.73516983749363,0.94288170337677
546,9.106,0.31758724687892653,144.83233623470767,14.769567435403868,0.25493219518068544,-153.73890986927722,42.95606884301376,0.9350938200950623
547,9.123,0.2703333912612046,165.67832056625997,15.026478944348215,0.25926541500808414,-149.0486185542302,42.43464912621012,0.9145759344100952
548,9.14,0.23005082216932143,163.05919131791086,15.066510579183316,0.2599401447873966,79.75243029594887,49.1960742224482,0.9039039015769958
549,9.156,0.1969115151913152,164.2395279559112,15.564975178879145,0.2683309906234605,85.88294841405528,53.369029204948895,0.8961445093154907
550,9.173,0.19219366897849927,179.2427033133109,16.39104639352634,0.2821915414848184,76.08067288663108,53.7754277934453,0.8875423669815063
551,9.19,0.1822888533297125,178.5277684340308,15.127760367852604,0.26097225901883525,55.36795427260462,56.01857312952529,0.8833619952201843
552,9.206,0.15618226535533844,173.73690722075912,17.386836472367037,0.2988215506100065,63.273288605425925,59.732145530087166,0.8800575733184814
553,9.223,0.1338623710726851,148.4608757514424,17.19672340980782,0.2956534197825892,67.37613696941932,72.88022687976976,0.8807955980300903
554,9.24,0.13367390475338603,163.38049443384048,16.969236962650804,0.2918582070037278,61.132372607969415,63.76003554491105,0.8776504993438721
555,9.256,0.13326474777233613,169.3651780358239,17.648065551601405,0.30316941794286295,63.71193242489167,66.24734366339065,0.8751698136329651
556,9.273,0.08834610438646817,161.73687716163968,18.49406485297292,0.3172064198874711,1.5820315019672222,49.6161865992301,0.8801272511482239
557,9.29,0.042177840638727274,164.81069592150374,18.23662448390533,0.31294209373522436,31.49728580562514,54.60867449872747,0.8794864416122437
558,9.306,0.09187275104325301,162.59598289927422,18.52542101773638,0.31772537783454996,30.76984505310429,53.80757384754594,0.8757041096687317
559,9.323,0.10786929927858976,169.0807074458575,19.53841734141966,0.33443883384514755,54.689002795828046,51.717712591234594,0.8849028944969177
560,9.34,0.1082183046808103,145.85031469734733,21.566097232999738,0.3675743256623171,51.473606248544456,47.9069270754492,0.8699329495429993
561,9.356,0.10228299577763834,155.41061836372236,21.77484204293981,0.37096011167973175,22.906598970348497,46.34807295708866,0.8524532318115234
562,9.373,0.10096103053078784,148.1517883005808,22.736745589314715,0.38649761567536883,41.22874416450914,51.95814630900615,0.8475934267044067
563,9.39,0.09042245310383193,149.46350913431976,21.461322751728826,0.36587306923492385,4.684681350537758,54.73428313924403,0.8457155227661133
564,9.406,0.0628121249242313,142.8976218066298,19.74130378339796,0.33777386466344644,24.70440051421609,70.67452399300065,0.8471883535385132
565,9.423,0.06470552367452086,142.10290576726516,19.469933142728507,0.33331214741516574,12.021114935362661,75.06037711297552,0.8532097935676575
566,9.44,0.0660706921666663,158.29151332940467,19.439466210138608,0.3328107592403834,6.483454226541838,77.42107342799486,0.8579647541046143
567,9.457,0.06598782832339457,148.06014876659165,18.764326292761794,0.3216762265883767,8.43968588401755,77.08229120846175,0.8636125326156616
568,9.473,0.04832216432346141,142.59479611282157,17.708437229077244,0.3041733441072104,32.40248298952541,82.44137044060965,0.8668190240859985
569,9.49,0.03775849601581452,146.05260036932282,16.911949699137114,0.2909017418411255,74.28789871702482,81.28342408691445,0.8671532273292542
570,9.507,0.02171832686659197,144.57710267725543,16.82757890708981,0.2894925622267932,79.73464093104222,77.7718256559665,0.8689687848091125
571,9.523,0.04084627318163758,145.19460611003356,15.489408709116333,0.2670602416315896,55.81646588916523,52.78890449723803,0.8672851920127869
572,9.54,0.07902987589264711,152.54214638321434,12.975994063898883,0.2245427904836779,6.2639044226892935,46.77085536202652,0.8693318367004395
573,9.557,0.1207157307060508,151.61296145590447,12.553784661624212,0.21735598647452012,88.51669682021834,50.17766093771432,0.8632113337516785
574,9.573,0.0953424760294987,153.34690454562462,12.81467344876358,0.22179822609470906,-16.777312258106093,109.44391383945965,0.8659705519676208
575,9.59,0.05972407346702231,162.34691948442,12.983563520366857,0.22467152688163725,-11.529368779489175,109.2906750527241,0.8634113669395447
576,9.607,0.026822640128635895,157.15522543515618,13.907768191715821,0.24035965051655805,49.5089125256014,112.52747441238455,0.8619429469108582
577,9.623,0.0035699469189991715,162.5247810244476,13.69302407231266,0.2367198553813022,45.7086310167599,100.64129746335114,0.8526501655578613
578,9.64,0.012659256656878374,167.06062636715532,13.852507117877984,0.23942332619454249,65.27583101757692,97.52173372070905,0.8431483507156372
579,9.657,0.03431966918117909,172.3312815840426,14.349388549591607,0.24783420544189286,51.84082245647821,62.43572941406028,0.8245717883110046
580,9.673,0.0917856165200589,160.43396841794473,13.208230482067023,0.22849072140078183,40.08971949574313,83.88992024767576,0.8316628932952881
581,9.69,0.1284932837970284,161.2106769695201,11.729427149315773,0.2032901980553852,22.383096498897217,89.46768936888375,0.8415743112564087
582,9.707,0.19160119433618855,154.4964200157742,9.62731274017181,0.16723874934322433,59.97287270614595,84.36346548419066,0.8501396775245667
583,9.723,0.25041195793357685,159.5012257238473,12.672440287701166,0.21937693929092827,-140.5271571925074,90.80393581309828,0.8607945442199707
584,9.74,0.2620218114677911,158.39103280895569,13.017337759013085,0.22524588937646922,13.321452295961876,85.42788560706019,0.8673955202102661
585,9.757,0.275023465222856,156.54615949163693,9.860969457257694,0.1712579926578122,67.03135414972006,73.94073350498873,0.8727549910545349
586,9.773,0.19327925253367026,157.31386863380288,5.453398645607551,0.0950361183254351,36.169863761022114,60.444684953764344,0.8820130825042725
587,9.79,0.24728390526889246,165.12046971897394,5.740833606935139,0.10002888154636047,50.91013734860263,59.83025891319732,0.8899850249290466
588,9.807,0.07379455900906302,172.53965879649058,5.562685175313363,0.09693472079433253,65.37334124394263,38.528595367148284,0.894859254360199
589,9.823,0.21055900044747308,171.54015175140768,5.382293862864636,0.09380064992674099,4.207076273783696,62.41333885566604,0.9012559652328491
590,9.84,0.21093479264986795,170.87637332346432,3.4913540806201206,0.060897920538798035,12.506589953099517,63.509904568826194,0.9086845517158508
591,9.857,0.2176080170820377,169.6428578527047,3.2742411293972817,0.05711518953495006,4.829224779830978,70.09480899820628,0.9141988754272461
592,9.873,0.049708722609456676,155.32295303382185,3.906784970638307,0.06813343603748245,5.754547809704461,70.7676530021012,0.9159246683120728
593,9.89,0.11050795123804961,161.4119290544826,4.246708081491662,0.0740511932465458,9.754302713593752,67.09737987488602,0.9119062423706055
594,9.907,0.09504045069970629,163.84953431413334,2.6875716875135365,0.046889775432500516,19.717153791572564,73.22029900268082,0.9105031490325928
595,9.924,0.08198015997429976,166.73857933025596,3.052131232567764,0.0532445491721242,3.8544581437542433,70.45597261682258,0.9080781936645508
596,9.94,0.08167918579050303,154.1261211415051,2.988395653022202,0.0521336986745019,-88.6633430111736,81.57727639976572,0.896293580532074
597,9.957,0.07280400666631201,155.50870665147787,2.7373219593963225,0.04775710861897177,-122.85045778997306,78.18952161756445,0.8857383728027344
598,9.974,0.018811517168241174,165.28647063599863,1.8770349446850576,0.032754580270011845,27.793516708050714,81.42780920675612,0.8783470988273621
599,9.99,0.020776734976539535,169.9373734760549,2.0946292345311823,0.03655003395963661,-59.7755276397296,79.73074833687201,0.8666037321090698
600,10.007,0.04062144331808731,170.6139817994992,0.41352006899601196,0.007217224070069101,47.45242332194328,72.1149295344706,0.8606969714164734
601,10.024,0.037741247171876845,174.04561690369724,0.17087775739526898,0.002982375063801005,23.66155723844866,76.46017161982137,0.8542335629463196
602,10.04,0.03157942046729434,174.26476808795437,0.4163685317247548,0.007266937819562787,31.86573545950354,66.49400221391883,0.8442279100418091
603,10.057,0.01903711761066022,171.5853654070614,0.2581111192043477,0.0045048736290853285,20.404609894086427,73.17302470132326,0.8355059623718262
604,10.074,0.01585333146382095,179.0293290732606,0.14945780417820603,0.002608527817449575,26.49199500333588,67.18090514540023,0.831973671913147
605,10.09,0.027165840732417876,177.17977339649883,0.27527380932210066,0.004804415834068508,33.02443625892498,67.99223321429554,0.8237183690071106
606,10.107,0.021668443774316096,179.64667823948525,1.1038869860391975,0.01926527055760443,23.646206817056388,51.80172086138783,0.8161677122116089
607,10.124,0.028905800829539897,177.42867865718202,0.34486543597846925,0.006019000990455411,19.782318657034423,51.235927724906105,0.8003285527229309
608,10.14,0.005938610361586632,173.46618477863873,1.4313665022446198,0.02497945978411288,-3.958185548129734,44.41856871409978,0.7766671776771545
609,10.157,0.02445737222561289,171.29696008049666,0.9019194312925457,0.015740813565960472,-98.7778267433867,48.05258753782872,0.7677869200706482
610,10.174,0.055164137242137375,174.04459143594255,1.70024592146502,0.02967053433496174,-157.8222493694244,56.1478477536999,0.746516227722168
611,10.19,0.061822013727442934,179.95881363278542,2.2584247028643563,0.03940674077602905,-163.26349258063647,59.73732338721403,0.7309464812278748
612,10.207,0.061590799478411284,168.15017996077532,1.4124080857789567,0.024648674882794964,21.238481047227936,57.845630133605866,0.7268937826156616
613,10.224,0.06402145175189734,173.32438745584835,0.33218336074686594,0.005797660885542989,14.004030632792535,60.402071680473696,0.7392339706420898
614,10.24,0.06826889163612092,171.76063600000447,0.7167994233396591,0.012510183673608847,17.921803485579147,61.525254057492944,0.7475597262382507
615,10.257,0.07181024129713502,170.5595549061904,0.7230636374158924,0.01261950620354732,-163.63540655662126,62.851365054205885,0.7548983097076416
616,10.274,0.06840692167533649,177.1170291771194,0.33014389086646717,0.005762066015707282,49.96468094315725,59.23594541746545,0.7577707767486572
617,10.29,0.09582986744979784,175.04664366253212,0.9449968456078122,0.016492558610287495,18.185108912843475,57.42331569483681,0.7698106169700623
618,10.307,0.1391371428846083,173.3490597346314,1.553069531428521,0.027102857603926327,6.5571993632289605,52.84278394028122,0.7649202346801758
619,10.324,0.1461952159277185,169.87783863844868,1.7593724227770242,0.030702016141820835,-147.84408206944101,55.90782377483929,0.7805030345916748
620,10.34,0.17738422019736147,170.68114032777368,1.445227800671577,0.02522130885765482,11.628871119093361,55.04133551963989,0.7825039029121399
621,10.357,0.14739378286782967,173.9035077421459,1.4315369606522104,0.024982433916128352,28.640156418283965,55.6731936656966,0.7827625870704651
622,10.374,0.1712214417557352,169.7925682200293,0.8952736698316935,0.015624837412089313,10.566306509722324,55.80863881393746,0.7951905131340027
623,10.39,0.15413460054183392,168.21518999490493,1.370092773365292,0.023910351089242474,16.502881625814652,57.38747341107043,0.7973200082778931
624,10.407,0.15211794785189026,170.45265268146522,0.9505297903135318,0.016589113501311262,4.787783270564248,57.07048840566044,0.8033459782600403
625,10.424,0.24321248321100686,166.6819674755719,1.75668786488899,0.030655183822026862,6.988868102139662,58.98732132678277,0.8190415501594543
626,10.441,,,,,,,
627,10.457,,,,,,,
628,10.474,,,,,,,
629,10.491,,,,,,,
630,10.507,,,,,,,
631,10.524,,,,,,,
632,10.541,,,,,,,
633,10.557,,,,,,,
634,10.574,,,,,,,
635,10.591,,,,,,,
636,10.607,,,,,,,
637,10.624,,,,,,,
638,10.641,,,,,,,
639,10.657,,,,,,,
640,10.674,,,,,,,
641,10.691,,,,,,,
642,10.707,,,,,,,
643,10.724,,,,,,,
644,10.741,,,,,,,
645,10.757,,,,,,,
646,10.774,,,,,,,
647,10.791,,,,,,,
648,10.807,,,,,,,
649,10.824,,,,,,,
650,10.841,,,,,,,
651,10.857,,,,,,,
652,10.874,,,,,,,
653,10.891,,,,,,,
654,10.908,,,,,,,
655,10.924,,,,,,,
656,10.941,,,,,,,
657,10.958,,,,,,,
658,10.974,,,,,,,
659,10.991,,,,,,,
660,11.008,,,,,,,
661,11.024,,,,,,,
662,11.041,,,,,,,
663,11.058,,,,,,,
664,11.074,,,,,,,
665,11.091,,,,,,,
666,11.108,,,,,,,
667,11.124,,,,,,,
668,11.141,,,,,,,
669,11.158,,,,,,,
670,11.174,,,,,,,
671,11.191,,,,,,,
672,11.208,,,,,,,
673,11.224,,,,,,,
674,11.241,,,,,,,
675,11.258,,,,,,,
676,11.274,,,,,,,
677,11.291,,,,,,,
678,11.308,,,,,,,
679,11.324,,,,,,,
680,11.341,,,,,,,
681,11.358,,,,,,,
682,11.375,,,,,,,
683,11.391,,,,,,,
684,11.408,,,,,,,
685,11.425,,,,,,,
686,11.441,,,,,,,
687,11.458,,,,,,,
688,11.475,,,,,,,
689,11.491,,,,,,,
690,11.508,,,,,,,
691,11.525,,,,,,,
692,11.541,,,,,,,
693,11.558,,,,,,,
694,11.575,,,,,,,
695,11.591,,,,,,,
696,11.608,,,,,,,
697,11.625,,,,,,,
698,11.641,,,,,,,
699,11.658,,,,,,,
700,11.675,,,,,,,
701,11.691,,,,,,,
702,11.708,,,,,,,
703,11.725,,,,,,,
704,11.741,,,,,,,
705,11.758,,,,,,,
706,11.775,,,,,,,
707,11.791,,,,,,,
708,11.808,,,,,,,
709,11.825,,,,,,,
710,11.841,,,,,,,
711,11.858,,,,,,,
712,11.875,,,,,,,
713,11.892,,,,,,,
714,11.908,,,,,,,
715,11.925,,,,,,,
716,11.942,0.16305354445696513,177.57740539022848,1.216562765416517,0.02123143039518843,4.036811609828014,127.85504282365311,0.8149421811103821
717,11.958,0.19383635420248715,178.4407400849112,1.320650851220531,0.023047664668378064,-172.6781404304187,122.84962665576533,0.8263096213340759
718,11.975,0.20422424210421714,176.15742991235777,1.3559711833498298,0.02366395258773621,-171.08375966001017,120.22899663031502,0.8313219547271729
719,11.992,0.22315827547487013,179.4941455187272,1.1758868871631258,0.020521657129299587,-167.50352019859514,119.8131758169275,0.8366497159004211
720,12.008,0.247310016948153,177.17264750568216,1.2807224201110405,0.022350961655063787,-162.32639685508485,116.5611696688985,0.8474000692367554
721,12.025,0.264229049810122,176.520114222545,1.2331192148294852,0.02152032892330357,-162.7925048132338,116.34088406488009,0.8561052680015564
722,12.042,0.2639528056887253,177.52038792139388,1.3721523281773145,0.023946286809657755,-163.0303026858545,117.51720597434392,0.8652468919754028
723,12.058,0.26717102875643145,178.5204551554114,1.2848816136037675,0.022423535082386696,-161.34784320743756,127.14985984614269,0.875070333480835
724,12.075,0.26695565113389264,178.81984968160793,1.333208268659893,0.02326677417468116,-159.5650245338527,128.81960851791393,0.885404646396637
725,12.092,0.2714218366325779,177.8869279394287,1.3389738923517929,0.02336737593245364,-160.23982441156477,128.23207972484695,0.8944777250289917
726,12.108,0.2830187188468634,179.40962236766012,0.6624043796434406,0.011560879862721828,18.2031059920931,130.55045901787096,0.9025512933731079
727,12.125,0.28567880091880604,179.2395769079804,0.09344680839409115,0.001630953758897371,19.224804774186026,132.44193071872238,0.9102518558502197
728,12.142,0.2880526525651157,179.89596280277533,0.7125034427814748,0.012435210500684706,19.05028018616781,130.187359901707,0.9161036014556885
729,12.158,0.3473859862675609,158.28254773787427,3.2745550561739396,0.057120659645918434,18.05902138048546,106.86340194484441,0.9195170998573303
730,12.175,0.3382072990239377,166.1857684832988,4.704348534199987,0.0820141494237058,18.42913153531839,97.44724181462124,0.9192075729370117
731,12.192,0.3544411977133795,161.5057493416073,5.508950797822592,0.09600125303271899,18.14062953697905,90.1471011888615,0.9172862768173218
732,12.208,0.3411910072490149,164.36702559653165,6.477622192452404,0.1128151493398824,17.726998804169142,93.54059034727366,0.9123066067695618
733,12.225,0.32671925673608326,160.24017038879887,7.333527652441029,0.1276450116267443,18.079514142968264,89.20220587571771,0.9108647108078003
734,12.242,0.3259376105012916,163.48375921999786,7.219765333983389,0.12567547606296312,18.755583319425114,91.6311404595662,0.9109636545181274
735,12.258,0.32404168970751107,164.46902451769645,7.353820353814017,0.1279962808907744,19.803546301926758,89.59421754340553,0.9101698398590088
736,12.275,0.32626436285285143,164.682018528326,7.384394427651925,0.12852549169844188,20.40095816482892,91.70820357424518,0.9114665985107422
737,12.292,0.325844533415283,164.06180729792695,7.170731888125944,0.12482642032299746,20.163017980705973,91.70314280524147,0.912828266620636
738,12.308,0.32678851315525737,152.72053118302173,6.585024184154657,0.11467750148360469,20.637253873043306,89.36344736311051,0.9176350235939026
739,12.325,0.3078029750851374,145.04789528417237,7.539963512124127,0.13121768811549125,21.215677172257358,99.28437452403513,0.9193946123123169
740,12.342,0.30314263405703246,145.60191389532758,8.041091509493015,0.13988326767535506,21.08835769399522,90.46345194049958,0.9210808873176575
741,12.359,0.2871750762015595,143.8910434802423,9.080697063221978,0.1578253987691232,16.01882686655071,87.74739549148971,0.9185673594474792
742,12.375,0.2637629662423089,147.08911633261377,9.850506058101763,0.17107806703628659,11.843784787479876,95.27356928084916,0.8973073959350586
743,12.392,0.2589237958256663,151.71453531831816,9.610452692540326,0.16694862304284236,4.621399975014356,93.1679432879604,0.8696994781494141
744,12.409,0.2531347294092728,147.72283078701918,9.429194908462286,0.16382864617601064,3.6491394470780563,104.28865456676766,0.8565745949745178
745,12.425,0.24309153353655444,160.60532235673168,9.63697086425678,0.16740493901877582,5.213315927851994,107.17227669366012,0.8111196756362915
746,12.442,0.2498283236184699,165.2280787105837,8.77282401730698,0.15251709211833378,4.933548572703671,103.94226043991274,0.7637104988098145
747,12.459,0.25604170299449697,150.53745698216446,8.462154476095739,0.1471561052741088,7.372700920029331,105.52246293688954,0.7162803411483765
748,12.475,0.25650890820344185,153.29165132821376,8.165925533875637,0.1420402770871714,5.753090108853286,101.37586512726894,0.673998236656189
749,12.492,0.262983899101668,156.37338919312427,8.031286523801976,0.1397138188873436,6.433726639839563,101.04194883286985,0.6330769062042236
750,12.509,0.29025021835263004,175.0422229573419,7.90764507901804,0.1375767102742527,7.027902333938101,95.65495328269031,0.6524526476860046
751,12.525,0.29904183701772846,177.40215106726265,7.41275422308254,0.1290163425452208,9.469975558683132,98.86054924024965,0.6724779605865479
752,12.542,0.3021291594501319,176.12688340603336,6.841436466141139,0.11912205268051906,11.667072524899453,101.21939874830086,0.6931112408638
753,12.559,0.35009959763086496,178.24790399518534,6.519296716968998,0.113537833644553,16.94400907151973,105.88066680715954,0.7142224311828613
754,12.575,0.3182174580097093,174.4155894511262,6.706351481542381,0.11678083358491002,16.717952198955658,104.71377520639142,0.7341844439506531
755,12.592,0.29918854463485295,176.75881939051538,6.836668277911021,0.11903942424646201,-157.7497202793454,119.43303116649932,0.7502697706222534
756,12.609,0.29527510219370323,168.79226637010962,6.719033611877173,0.11700066114666134,-156.62458190042025,117.57027392361628,0.7672153115272522
757,12.625,0.2938765422001664,169.33136121271804,6.634577389031753,0.11553661934685781,-152.30602841774157,108.17218363158476,0.7821789383888245
758,12.642,0.29842174453651976,168.78044306820917,6.677382036671128,0.11627866602896106,-155.4942381447825,101.65177099106981,0.7989243268966675
759,12.659,0.2906749046145961,169.7038912194584,6.871190135032868,0.1196376384715878,-156.05992021148086,101.62233839196382,0.8126333355903625
760,12.675,0.2868849512050267,169.38251799053586,6.793585674950109,0.11829280399238318,-156.23183038944637,100.67131986020378,0.8241321444511414
761,12.692,0.28248544119266344,163.2615188058983,5.856235600821865,0.10203272017599842,-137.63111718051096,98.4520693679472,0.8155617117881775
762,12.709,0.2935330615849751,170.25020196131345,5.606499765815803,0.09769580003030645,-140.28148221004443,96.15659444598649,0.8108305931091309
763,12.725,0.29940268018342275,171.03720072183927,4.698871910649583,0.08191888594680424,-145.57314830816773,80.92210277889721,0.7537968754768372
764,12.742,0.2960503949437542,101.39067161926508,5.1109454402104495,0.0890845729219929,-145.69809022430752,78.73831052377703,0.7080236077308655
765,12.759,0.2191916804101109,166.69539193972662,4.7288867047726315,0.08244097098097161,-147.89152495860867,91.58621554228172,0.6882092356681824
766,12.775,0.2034699923199409,153.58748176249668,4.1143675284121075,0.07174756100731465,-152.9466660385918,97.30734094856042,0.6461467742919922
767,12.792,0.25527267582659785,169.0577232039681,3.1303284123507313,0.05460736145106783,-154.54167214884677,93.6644638157884,0.6506562232971191
768,12.809,0.31123606239693086,176.91652873169753,1.9493828661663646,0.03401658572034567,-156.55488387840177,79.20671394744579,0.6726600527763367
769,12.825,0.3496517820557428,170.5917510603012,2.621528048161469,0.04573833344697048,-157.7595184535088,87.52666370966031,0.7009195685386658
770,12.842,0.3676942749016484,172.51918704169964,3.0615846875447374,0.05340930831829001,-159.01302326411565,95.34712774049382,0.717335045337677
771,12.859,0.37110334699013076,172.44796559670996,3.4155255879186734,0.05957686706436799,-157.62153274662467,92.50581307012018,0.7190796732902527
772,12.876,0.3811529052013125,171.52164980330687,3.459212693376468,0.060337979118960744,-157.96548444146242,92.48046184868278,0.739591658115387
773,12.892,0.38617842841714906,167.5149130494396,4.480424121420168,0.07811848085451674,-158.17946412357213,90.36420746387766,0.7604888677597046
774,12.909,0.38981709500994605,163.76976806910375,4.752073740946396,0.08284427675845203,-157.23087456239284,85.67772294050896,0.7758620977401733
775,12.926,0.39503602539815297,169.18008189517687,4.738764271393521,0.0826127789697357,-157.42201958590852,84.87110659946138,0.7929530143737793
776,12.942,0.4080230781496623,168.25482188942058,4.727212345838992,0.08241184734635283,-156.97170339675745,80.31573169360084,0.8113382458686829
777,12.959,0.32378010881098424,158.95879381438854,3.4450303909053503,0.060090900394114105,-157.51070648214954,81.55041557747526,0.8281621336936951
778,12.976,0.3142076334154901,156.7106973298327,2.156556364843358,0.037630122534838606,-157.70911973486625,84.69441542373241,0.8429516553878784
779,12.992,0.28533899091538756,147.61462728889776,0.6357924327212189,0.01109644357815435,-160.47598048297084,86.9991059839137,0.8567340970039368
780,13.009,0.2613860859767408,146.91270290649143,0.4238492359128102,0.007397497228248618,-164.2695594245414,84.96842716468119,0.869168221950531
781,13.026,0.2327637851923859,133.74667398028,0.07985121231691777,0.0013936661154847038,-167.3804820313993,88.14423363275417,0.8751829862594604
782,13.042,0.22603428606478312,131.93736065693162,0.7336694380557174,0.012804597387423618,-170.3053725521491,85.27065761434267,0.8845077157020569
783,13.059,0.23598201497104535,130.69761433368103,1.5903206326819248,0.027752767362653696,7.994896492491165,83.13616868800369,0.8928726315498352
784,13.076,0.22176518471436907,128.78236148539847,1.46166827084603,0.02550815687258292,-171.81660984978282,81.02480286393649,0.9005434513092041
785,13.092,0.23385274539850334,128.03424696400035,1.5200277290346527,0.026526376732902278,6.803204452197008,82.39265076344883,0.9068252444267273
786,13.109,0.19990696723733214,123.56309306238127,1.6132494133882531,0.02815279370324793,4.482228083144605,84.4707606446593,0.9099463820457458
787,13.126,0.0017976011092085149,132.294642711443,2.968273173968954,0.051782969550092414,0.3773073523151709,67.69139846011807,0.9092345237731934
788,13.142,0.02428445765048942,140.53780728875932,3.715005006483426,0.06479364693243293,-177.23619295583626,65.05828384055863,0.9053811430931091
789,13.159,0.09864725509563715,115.30317778817277,3.3801644067826566,0.05896078298339863,9.963394229015913,80.61766444803261,0.9110448360443115
790,13.176,0.10425065992010368,138.54246127304756,1.886423789978138,0.03291835816626158,14.784075478115085,64.56461881864975,0.9098476767539978
791,13.192,0.10527589829688648,126.33752283321527,4.665586105738042,0.08133987782826116,7.083220785106184,56.85465919133332,0.911444365978241
792,13.209,0.10686265347225704,128.12254249389085,3.6770757797308753,0.06413303394385224,6.200590430561575,43.873568405289674,0.903634250164032
793,13.226,0.2374077391652534,149.2924700182077,3.376922052646604,0.058904291583041876,24.88088385551184,41.77898107565271,0.8912269473075867
794,13.242,0.2205125108708383,145.31812699751103,5.068333255778757,0.08834378242677063,0.8608457049545564,90.36662815933397,0.9002318978309631
795,13.259,0.1652289664313509,143.38260301738566,5.485252412759847,0.09558954038472377,4.661103931566544,98.6912213136102,0.9084341526031494
796,13.276,0.13650114980887426,142.7190417813392,5.584880192541446,0.09732026538546659,-172.30533401853688,95.58603329548741,0.9156421422958374
797,13.292,0.12582835293206476,142.98401894772604,5.901507843043537,0.10281871417232233,-171.50084395081183,93.35259020703293,0.9213548302650452
798,13.309,0.34116537775942246,162.78168484688945,5.708231332335311,0.09946270223341841,14.636410076216748,137.53763845524813,0.9122712016105652
799,13.326,0.2111885420665666,166.85292400618076,4.720259886377167,0.08229091619768533,25.52749387037481,152.0204612272351,0.9153662323951721
800,13.343,0.13340381205542892,171.23359967474192,4.699095343475687,0.0819227724779686,33.801098692768456,95.02669994408224,0.9164060950279236
801,13.359,0.07422588268326048,173.32663957936464,4.9607898640560535,0.0864739805627316,27.175358510819954,116.68849200310645,0.9173693656921387
802,13.376,0.13260268439720427,161.40388218071394,4.598555192577798,0.08017378888267203,16.875651925460517,41.10679812803616,0.9167282581329346
803,13.393,0.03479459301012648,175.69210546199292,6.037406600034412,0.10517773279611699,-166.4020648973027,31.25367857560355,0.9210235476493835
804,13.409,0.02254921812168541,179.67102450959436,5.936065600647331,0.1034186454762949,-163.19342002430892,96.9297784454505,0.9276033043861389
805,13.426,0.058194310504331354,169.37190354596217,10.17695474471793,0.17668886719720314,3.725251709658216,83.3384173401616,0.9209933280944824
806,13.443,0.26391380788479285,139.3512373876599,9.246946268221338,0.16068996076495054,5.498117882416145,55.16312089234883,0.8822221159934998
807,13.459,0.3077833864626656,122.75174989203556,6.751713629176583,0.11756709856469709,2.7060644337560618,30.60676695277399,0.8557802438735962
808,13.476,0.15948188766219526,146.5363744889317,8.280162952018053,0.1440135969548756,20.04667670447231,36.61322011107172,0.8593643307685852
809,13.493,0.05191935412786113,175.67745254630606,9.471705991864747,0.16456053464915665,2.2567119512666265,31.262626410496487,0.8657591342926025
810,13.509,0.0026411907894373404,177.78397535054683,9.70272561360523,0.16853627020659476,6.158607194781453,140.24583586097788,0.8743733167648315
811,13.526,0.07366684319284564,168.9933418259081,9.88893654509243,0.17173887865613302,3.3079478554235733,161.09735989575478,0.8822951912879944
812,13.543,0.13741140190355175,179.90134104379416,18.500168341408376,0.31730744268468547,78.9584601793495,74.54566410896774,0.8920377492904663
813,13.559,0.011775217450082212,160.1132614861981,15.824511870623956,0.2726918713315421,3.282433404230204,56.64005754816062,0.9003652930259705
814,13.576,0.20907673710943492,179.1132822774964,13.392254929038462,0.23161640446294868,3.7353682115580398,44.78760067684098,0.9071577787399292
815,13.593,0.06712012251472423,161.15202035986192,14.162869332162467,0.24467908301899505,13.939071665665836,66.74172152888964,0.9135878682136536
816,13.609,0.10263015395503848,172.76010161448195,13.607963835432916,0.23527720869520113,17.73212711666858,65.43502493456529,0.9203774333000183
817,13.626,0.07810328536459223,168.18984106443622,15.854492740343312,0.27319526786941983,22.890881894259053,72.89026468622355,0.9249618649482727
818,13.643,0.08822983412913188,125.26943599817895,15.613596008550642,0.2691483668132359,-148.85535990983453,76.50091664997484,0.9263685345649719
819,13.659,0.03300649178286761,129.43599731977142,16.083273063852854,0.2770341515172259,-145.20337020567865,68.83181903144349,0.9285534620285034
820,13.676,0.12550584241529394,141.04316891353494,15.58192058272373,0.2686158857550339,-147.8024963687244,80.97433321944713,0.9288164973258972
821,13.693,0.11757644617225174,144.87671555503167,15.696156995136988,0.27053587465897,30.49106654843021,79.48753258974622,0.9283279776573181
822,13.709,0.23039659911988258,167.1295710299461,16.021609413702617,0.2759998812614742,-147.31899931635303,77.41906073458256,0.9304061532020569
823,13.726,0.1852752283719334,130.28837689092447,14.808400141401894,0.2555875012878888,-141.93226756537956,112.66264609428754,0.9314088821411133
824,13.743,0.11810716932908571,129.85682558929884,13.901585131946707,0.2402548980057434,-137.86837835435398,104.30826417943584,0.9329867959022522
825,13.759,0.0063934158970780685,179.91694732500548,15.361039820340245,0.2649004872610646,-139.7892940072033,61.57653643341934,0.9377742409706116
826,13.776,0.14541347167122176,152.65656385549013,14.798269839092997,0.25541656264919405,-136.12106270999317,67.12206133420437,0.9411200284957886
827,13.793,0.043838776372984875,162.22816142175722,15.195704620361688,0.2621168320483725,-133.47045210800377,68.52114253931093,0.9460892081260681
828,13.81,0.04286974040063435,177.02735055378403,15.091177726443158,0.26035584427960057,-131.4059238878391,82.41599639894784,0.9492255449295044
829,13.826,0.0628503125091437,124.26518376723426,15.463306081542203,0.2666211837616326,-125.95780263613284,97.74519902902244,0.9493040442466736
830,13.843,0.1381696936875647,171.25910412819792,14.794818108794106,0.2553583163561686,-124.41934371348793,79.80503463722698,0.952091634273529
831,13.86,0.05194553002056635,127.33721932113326,14.82419908337503,0.25585407655702497,-122.4272563934669,83.49121530697627,0.9514548182487488
832,13.876,0.03382347731046426,164.7206143377763,14.742155393360013,0.2544695434846136,-124.03339429432094,71.38118789031776,0.9550663828849792
833,13.893,0.1037747946038819,173.9663737328617,14.262233305214263,0.2463602293178798,-121.33977404818302,69.28439864591736,0.9566841721534729
834,13.91,0.00469271546598179,155.3363374031345,13.5194984225029,0.23377625916467124,-119.66044691968693,74.3323098352033,0.958385169506073
835,13.926,0.04362027903253874,178.2629290380387,14.11684843000511,0.24390020237381982,-117.51607654271703,59.37797732437515,0.9616252779960632
836,13.943,0.047670172803480265,171.73080369417116,14.0061635468126,0.24202627297211096,-113.90137122512908,61.956073134228234,0.9642689228057861
837,13.96,0.10933768150582644,152.59198886493238,14.136437146771272,0.24423175082593757,-110.52624981523553,51.53812743844968,0.9643872976303101
838,13.976,0.14499748131785337,167.03958793500647,14.212616960684286,0.24552085907168805,-115.52247760161322,48.129579509838855,0.9641092419624329
839,13.993,0.09904926902509169,176.043117862195,15.583604610910905,0.2686441972484264,-107.24547611929256,54.663839795503634,0.9656354188919067
840,14.01,0.021103917551509484,163.21932540797738,15.430220271912647,0.2660645861340538,-108.31593376199146,69.58091238825298,0.9666744470596313
841,14.026,0.06454569170840659,109.12766063382605,15.172833859358965,0.2617315976180352,-104.96660128139217,84.25390040161672,0.9694700241088867
842,14.043,0.19942151095620161,129.7187001542747,15.795173281187662,0.2721991867760789,-97.62273536422595,91.07975888815207,0.9722094535827637
843,14.06,0.9459559640738061,146.76883668853205,15.898426614453665,0.2739328084436006,-105.17954523431035,6.207813478743137,0.9719913601875305
844,14.076,0.18109257707564475,121.11844877028614,16.26739409792054,0.2801204571744869,-102.43610373270826,93.56213959789565,0.9743900895118713
845,14.093,0.10546296543885557,117.29521189985212,16.407494630307404,0.28246693842691006,-102.78318505206045,82.59214820772014,0.9767259955406189
846,14.11,0.08000462014933368,111.36074542800917,15.811787716444474,0.2724782026792457,-103.2194044974949,92.74061546678517,0.978887140750885
847,14.126,0.07224294980148901,118.12800009577707,16.23274656744246,0.2795399022982865,-112.60212224202456,82.85199794314308,0.9805511236190796
848,14.143,0.07257947074560435,114.11385594705453,15.760201462459923,0.2716118098584043,-119.94229931686766,79.96099916889199,0.9817831516265869
849,14.16,0.3367424570380719,144.41978132125948,14.646443596412583,0.2528536942763405,-122.22717419796561,108.5862243001694,0.9795476198196411
850,14.176,0.43177004912606937,163.95779983225188,14.050216358629298,0.24277220933395668,-116.03947368896104,75.37543291956385,0.9766352772712708
851,14.193,0.1572943830914678,149.7232873723297,14.028328279105867,0.24240160131394053,-113.78649032310966,79.13523512875665,0.9763578176498413
852,14.21,0.13860016199901676,163.25194235178188,13.260041421028873,0.22937097781925941,-111.7174975876336,81.71391658449811,0.9758433699607849
853,14.226,0.24329499276929828,147.80633958397556,11.937646044765351,0.20684706765539929,-116.0667766453289,80.20822938161943,0.9737726449966431
854,14.243,0.1504951599306794,152.12289566319325,12.478145524837283,0.21606720712866245,-125.41272188208882,87.91132084809193,0.971702516078949
855,14.26,0.14473561632760715,167.66554595455912,11.761354377955024,0.20383576583450783,-153.3021980989409,83.43608818407029,0.9700976014137268
856,14.276,0.1426584516136675,164.3907899345782,11.54468101750203,0.20013204925183872,7.420034575638482,90.16069461243772,0.9684722423553467
857,14.293,0.15042457958946256,172.09575469869674,11.348019163306674,0.19676792112451832,55.1388262698091,88.53568574761813,0.9682647585868835
858,14.31,0.1724384223089459,176.64033739097277,14.108927093711316,0.24376612185004945,27.96185449671968,76.10782698529634,0.9576501250267029
859,14.327,0.18771597851472144,171.0160130957264,14.47154812606098,0.24989921153394856,23.549486493559584,68.38819623827966,0.9459394812583923
860,14.343,0.1937631794893194,166.1492006013962,14.431556229481235,0.24922330638202186,55.33178195604428,62.22372359548739,0.9295618534088135
861,14.36,0.1967451482999533,156.87940350598336,14.779431629411759,0.2550986656269638,70.05480356449456,64.04930081226401,0.9119633436203003
862,14.377,0.20162506890005844,156.5599547395773,14.955716452939336,0.2580724098857217,73.43462972026562,63.252952511538425,0.8973806500434875
863,14.393,0.2361106332780115,179.12981901814666,16.11759064087017,0.2776096134565806,24.933240085705663,63.81835654099915,0.8927424550056458
864,14.41,0.2380080987240374,167.17359722916638,15.903623081001816,0.2740200335606819,46.09211563367411,58.38603182040055,0.8885117173194885
865,14.427,0.1855587197548605,178.76835869809852,16.416552013569625,0.28261857852281935,34.96237058101222,67.18809636095381,0.8846038579940796
866,14.443,0.18112586920300597,175.8060717297488,16.159069773903088,0.27830503259010236,51.24123464846381,67.70870711690895,0.8825626373291016
867,14.46,0.18681439765516397,176.81118935893878,16.04334333443538,0.2763644558700032,55.494373549048774,71.3906884179814,0.8809923529624939
868,14.477,0.18876614473316025,179.66709193015024,16.03413380384909,0.27620997589400026,52.956439949586894,71.52516427019407,0.8799107670783997
869,14.493,0.18916698125765055,177.1423204994103,16.17362834390935,0.27854907998840317,53.54829516630937,68.15844885078208,0.8787928223609924
870,14.51,0.19975944986594968,173.23124390883874,17.01760984397453,0.2926656109442598,25.95311828871059,71.00628955660285,0.873376190662384
871,14.527,0.136586980871555,171.3999381890308,18.359313715314006,0.3149751514280113,57.59438544337615,70.50908118567263,0.8632358908653259
872,14.543,0.12225225871604734,171.69563748915385,19.622538446719883,0.33582212102455417,30.657748697500615,67.6086912057389,0.8518244624137878
873,14.56,0.17328397767703324,170.4919626793175,20.361681501103917,0.3479451302451975,27.031841804944577,58.155536016281175,0.8433873653411865
874,14.577,0.20241382104180472,141.961560881409,20.695605842798432,0.3534031011881629,27.504276703668047,62.336944588567576,0.8467324376106262
875,14.593,0.2227377969120362,152.9472565176891,19.66494346401631,0.3365191547466813,34.196506117751525,63.32810367029146,0.8539696931838989
876,14.61,0.23769215524401008,150.110625465675,20.040239101118733,0.3426800095642876,48.78492329732555,66.47761257458073,0.8559834361076355
877,14.627,0.260824363263872,143.50783308814985,19.056561048797462,0.3265013894160491,57.86943779159786,64.79782972441019,0.8647679090499878
878,14.643,0.25612345922156593,156.06054517495897,19.982493782182992,0.3417330126103707,54.37929235681017,62.64540617327747,0.87112957239151
879,14.66,0.2524817123005546,147.9390605658232,20.560286743703166,0.3511927557280272,53.42080133696806,67.5499999036772,0.8747191429138184
880,14.677,0.25109708698450695,145.81330017864573,20.82649639400465,0.35553923391521525,54.329675270101056,69.97508833898105,0.8789493441581726
881,14.693,0.3161979102338552,153.1011630431327,17.433663991966945,0.29960140212622993,60.08059856907091,69.63643857416122,0.8869515061378479
882,14.71,0.31924945423329765,151.4300560401362,17.444856399318997,0.29978776752022945,61.28429361507398,75.06457778463303,0.8944101929664612
883,14.727,0.3555587957689871,153.69794557053473,15.887323945843578,0.27374643741815674,52.73375133867232,77.18662383226119,0.9009097218513489
884,14.743,0.35452374005480497,150.9500596033333,15.683845249733176,0.27032900083712647,52.83569418177823,74.14605526060888,0.9078570604324341
885,14.76,0.38712874015351656,150.83894165787623,11.732387852132625,0.20334079276692757,81.24134291637364,47.473088596382254,0.9097158312797546
886,14.777,0.42741946440555045,161.29604712633235,10.1222107659661,0.17574835654374935,88.65661647179832,50.0192533903107,0.9171476364135742
887,14.794,0.30286644733357,159.2414787207732,10.55547444638667,0.18318743887161004,69.38885334028176,48.15983347728802,0.921197772026062
888,14.81,0.445565422976166,152.28984396494573,11.701394772626198,0.20281113288416303,14.525191623909848,61.76206650164052,0.9238675236701965
889,14.827,0.3790626232784967,144.3126359239661,7.446409989909025,0.12959881494946549,19.898901271902773,58.15347903581851,0.9282242655754089
890,14.844,0.3244489301404271,151.34655231347003,7.795610217863374,0.13563966474918,39.919080166001784,55.5087707860103,0.9311997890472412
891,14.86,0.32789234232039066,156.98847313120797,7.90629110349424,0.13755330361256798,35.435696704590406,54.648755411271274,0.9350760579109192
892,14.877,0.3264076432037663,159.4705245908368,7.876064760772411,0.13703074998410517,33.84115823831584,53.34662971110081,0.9391311407089233
893,14.894,0.15410581372243073,177.25597830342053,5.994508583220835,0.10443314452395192,25.239126198025467,58.41018689834448,0.9385983943939209
894,14.91,0.2534192188671169,148.2559223987053,6.477216518504808,0.1128081141919566,7.653500260767757,85.06968405490632,0.9350091814994812
895,14.927,0.1915543573476657,152.30030089067716,7.749401881171131,0.1348405864756958,25.102871691979377,69.5192715375444,0.9366720914840698
896,14.944,0.14758994932850056,166.07808474787683,9.05558526337762,0.15739259302930803,25.454764493561783,59.662775342490384,0.9414344429969788
897,14.96,0.12674254336526383,164.53893459969322,7.650533661891837,0.13313056977953153,24.503004078519275,50.68763896207075,0.9455095529556274
898,14.977,0.12383843150275674,165.46641944347226,5.997116405169928,0.10447841061449213,22.050852087202962,56.534933003209275,0.9455854892730713
899,14.994,0.0049733788329701005,146.21026277962744,6.320994002281406,0.11009850538617358,3.048235857995641,53.01468666146585,0.9421778917312622
900,15.01,0.037981464471558105,136.09192359880512,3.4944230519611175,0.060951384691780096,0.41075940190645,51.862291498731004,0.9416132569313049
901,15.027,0.07249785938347053,140.7967337694488,1.7968928988324617,0.03135655664521213,0.5590566361795721,62.37310155817727,0.9271734356880188
902,15.044,0.023337821341633983,132.54811292434118,1.1216736756264967,0.019575648305981064,7.286812819855917,55.40360438496921,0.9229942560195923
903,15.06,0.08353331860381887,145.39589170607883,0.023923869031708702,0.00041755027228603176,5.344495989574746,64.79611313808834,0.9185013175010681
904,15.077,0.07736746672481055,138.2414875731734,0.39914307103696495,0.006966304429793452,4.269671483384487,65.91009798141833,0.9156827330589294
905,15.094,0.19400965128475797,157.44457750255145,0.6735657733562518,0.011755669692998096,11.18517490101589,57.58249147745929,0.8992723822593689
906,15.11,0.03464514532108634,149.3517385667191,0.6181321383128492,0.010788231748568234,14.099857910321386,72.03739591477066,0.8897689580917358
907,15.127,0.08750824224230792,129.35107500139165,0.050361559697870595,0.0008789749199852653,16.72061422122492,61.77753612436899,0.8801193833351135
908,15.144,0.034420882865846686,160.58098283451645,1.4049300619355254,0.024518198189648188,19.315226951497703,58.09595955880896,0.8641843199729919
909,15.16,0.012135323427422746,169.18180713320933,1.6905640340403367,0.029501627495496747,27.386769542885183,66.08096412326752,0.85346519947052
910,15.177,0.0013547971417032434,164.34002685477512,2.9098086323997974,0.05076391302801176,17.02231904322993,66.31796617805146,0.8484057188034058
911,15.194,0.056042219544238686,109.8435986746021,1.419514284487844,0.024772663575328948,-150.5676320643023,43.43556678019798,0.8412397503852844
912,15.21,0.07115538676486188,133.54159385454193,0.42395398599590767,0.007399325412054169,37.4388693664861,45.32328864591858,0.8373246788978577
913,15.227,0.058566398641254014,176.36133088893544,0.0969405754083244,0.001691931412422594,-152.76568541979674,56.36801228833584,0.824460506439209
914,15.244,0.10299069757680594,170.2218142881855,1.3166469927304914,0.02297780266127535,7.112240495925908,39.05310666396531,0.8059465289115906
915,15.261,0.15729799553719928,157.58553871559442,2.0883240145871733,0.03644006042108913,28.33262146190825,39.31780954600712,0.7879903316497803
916,15.277,0.1821964956591436,166.3983145370627,1.546038085521812,0.026980180599766243,28.305493344194403,32.14293628212584,0.7694474458694458
917,15.294,0.10794479897154162,169.95250183348728,0.11226299996737618,0.0019593577239054487,23.69657266059003,43.43859222656409,0.7538210153579712
918,15.311,0.07480272584041477,162.8145040750063,0.020605054917531722,0.00035962604311338405,18.056999574281598,47.736567836825294,0.7481627464294434
919,15.327,0.10586314602965474,173.20277549782477,0.779463829687698,0.013603790599988673,15.520158041947953,52.6638489115427,0.7420567870140076
920,15.344,0.08712868475485833,156.37593754954617,0.20578432133577287,0.0035916062345113073,11.34679372719517,52.175445926153024,0.7525919079780579
921,15.361,0.10462991995058385,179.95651507421397,0.3023771162665455,0.0052774517637411205,8.597935179867497,82.30790156480442,0.7600277066230774
922,15.377,0.0893414810442674,167.35207156154138,0.7174711293821012,0.012521906237369144,14.855941228887506,77.40515463611118,0.770266056060791
923,15.394,0.028004420811756955,146.35106686424325,1.4269355035914504,0.02490214832526003,5.119626067541356,61.4110914030964,0.783057451248169
924,15.411,0.024629261048753428,154.86100368145242,0.6666547917615471,0.011635058559233651,8.492886228686395,56.36163923245671,0.793484091758728
925,15.427,0.005785679420101299,126.002364888886,1.3824721240427986,0.024126349187819068,9.120839791039273,66.29751855429842,0.8024629354476929
926,15.444,0.012738706763851084,140.6591499280144,2.4526039117484593,0.04279294207093713,7.0665924174703925,60.374621183542075,0.8044942021369934
927,15.461,0.003380957547831036,137.00909502899339,3.2904301515215097,0.05739727775121559,12.050926169710444,68.42605027456534,0.8083453178405762
928,15.477,0.004183801070985545,147.5814020375751,3.607974657784478,0.06292942830782908,12.373023024684958,66.6607582130458,0.8083077669143677
929,15.494,0.053899959035188,148.31664605246795,1.7872177949342836,0.031187776816481532,10.016665185744765,65.38383377017371,0.8042819499969482
930,15.511,0.06893200814167472,155.8040757206666,3.1266997921395756,0.05454412446803885,25.429747680668704,60.53734246621661,0.8009559512138367
931,15.527,0.07671931013868448,141.88719159997487,1.7161958190487099,0.029948788849099413,5.429035273275206,70.76686454186678,0.8127874135971069
932,15.544,0.12668671482118368,143.5853955472628,0.3238279735277796,0.005651834258047538,32.302863180409986,72.5903547394779,0.8167473673820496
933,15.561,0.1713437064650369,160.6062307702625,2.0758127957712738,0.0362218426194654,13.14438323679694,73.15061124703936,0.8235571980476379
934,15.577,0.19091395141612508,164.50894529362276,1.9386707687476776,0.03382973195760363,75.8827695861594,70.47778728017015,0.828122079372406
935,15.594,0.2488407429698972,161.56616607296775,0.29740444087181567,0.005190663394321102,46.8830576530475,66.27017505156832,0.8374910950660706
936,15.611,0.24793050309485606,163.01472086006385,1.2412879385130813,0.02166286681015071,60.7267372551338,65.32694860060322,0.8455500602722168
937,15.627,0.3049949381131825,156.77564817337318,0.30595826801320675,0.005339953771979158,19.644670610734323,71.65425188386875,0.8574233651161194
938,15.644,0.4177751607077086,157.24912634324426,0.7827080548633544,0.013660407749539766,30.03695617459215,42.13405049652763,0.867405116558075
939,15.661,0.41449900426374714,156.6137730266313,1.090049567102567,0.01902380629987455,-67.47527753517846,43.96567103707791,0.875836193561554
940,15.677,0.4205076444338499,157.35250530366565,0.9592202049352994,0.01674076878641882,-104.06556226851069,44.003835172175755,0.8850553631782532
941,15.694,0.3570584898541205,148.55721601048623,1.6789141423225524,0.029298386421623662,14.799039527945752,85.3485616609737,0.8942194581031799
942,15.711,0.3713006293409844,147.02308287896707,2.0634924534902837,0.03600695235461543,3.97199683067592,86.44009371248322,0.9030967354774475
943,15.727,0.3440917325413882,146.62951237936485,3.048409809628949,0.053179690109639834,6.087234515433636,46.021917225531276,0.9097214341163635
944,15.744,0.330839655679174,141.66606161703038,3.7935586905580454,0.06616172508698488,6.158725832868498,48.837790031146994,0.9157332181930542
945,15.761,0.3190828451462736,145.35031300800028,3.9069163954260757,0.06813572450228712,11.680366410377047,53.74967800993939,0.9183371663093567
946,15.778,0.3052681078079791,138.47365047975416,3.795832316375466,0.06620132034406423,11.491337642319507,49.13935489574695,0.9238600730895996
947,15.794,0.28900225017957115,117.6508657523184,3.5128246668762584,0.06127195317311992,13.613193862801495,49.49734549071098,0.9208280444145203
948,15.811,0.2907391648688547,100.42718282214113,3.3475819353877054,0.058393091393917185,23.133415582969235,50.41388492289741,0.9202954173088074
949,15.828,0.2647518598060921,91.92711684873686,4.2931825748273615,0.07486007471122443,17.857303903723874,54.57836673824927,0.9223951697349548
950,15.844,0.26485819183674825,98.45509074608049,4.896106211307366,0.08534921187870671,16.598354213567774,57.88123073556665,0.9249802231788635
951,15.861,0.2720827317695261,93.3226347272974,4.524171535759051,0.07887966112437281,16.16635061410676,61.49685600205946,0.9277134537696838
952,15.878,0.27385614754637616,93.30659855376405,4.959571394805484,0.0864527939041545,16.81299253028689,63.89403869734307,0.9285740852355957
953,15.894,0.2142749693544614,114.87557722023882,3.8489566451335055,0.0671264522058842,26.48941114524783,63.675717343722376,0.9292449951171875
954,15.911,0.13176015474595132,99.24926831892245,4.658393611639457,0.0812147604466181,26.615492633671977,62.291946496754036,0.9314324259757996
955,15.928,0.19848478276188236,136.21581369524452,10.3166348380438,0.1790878615704858,24.767118984438696,63.04338006519167,0.9349380135536194
956,15.944,0.15677499809571793,152.40896410472575,11.635422928777567,0.20168350188103676,19.132092313248023,65.96362315494098,0.9344629645347595
957,15.961,0.05563544504689031,138.60976971181765,10.925020545806353,0.18952423738499927,23.65418288519834,47.75188440528848,0.9366062879562378
958,15.978,0.3182483181523677,104.97991541703489,9.624005134334917,0.16718183347750804,17.000467834632815,70.22447413612339,0.9316539168357849
959,15.994,0.2693445552964077,131.68859507972957,11.366979491801539,0.19709236104596312,15.733369753375143,63.41921672913835,0.9218251705169678
960,16.011,0.2323646975599706,118.0454083036662,12.829423345804615,0.2220492409876218,13.03190758362038,61.781758960005284,0.9194684624671936
961,16.028,0.18783494497848943,67.14101635728157,14.872325462394882,0.25666599212853447,2.1374349250098703,64.42317679545802,0.921052098274231
962,16.044,0.16548127910834026,64.40534808978005,16.476204603911793,0.28361711470712964,5.77006569534538,65.06160464231823,0.9260885119438171
963,16.061,0.15461668134091114,65.40366636027554,16.859955643876212,0.29003340003115885,7.0845127963498555,66.59655034740025,0.9281493425369263
964,16.078,0.15169799126477054,65.74123724174395,16.83617169661272,0.2896361096581227,6.900647322003266,66.94350047878225,0.9299556016921997
965,16.094,0.14559848152528768,83.08002526200626,17.039565081684298,0.29303200255113854,0.1938504777188541,65.89310881627175,0.9325672388076782
966,16.111,0.15989943219232897,80.63760279878647,17.320146945132503,0.29771057872943313,2.0050140263032006,71.05935685124308,0.9324290752410889
967,16.128,0.1455633019153765,93.77548261541965,17.56618845582116,0.30180733861544135,3.1181927383195216,79.27431719739194,0.936099648475647
968,16.144,0.13795548277978523,89.16772713212917,17.520802778939974,0.30105205235244853,7.288657935357094,85.34153150217334,0.9394035339355469
969,16.161,0.1310604509885316,134.98108446915379,17.04452772664107,0.29311481379775917,9.894517094668373,85.55128049418101,0.943246066570282
970,16.178,0.12607868549900939,138.67773436515193,16.543465898382888,0.2847426456487085,8.294176769683162,84.76831952793819,0.9472271203994751
971,16.194,0.028763894368414835,108.24958171384061,14.39989627471897,0.24868813369217682,0.6802668021800571,144.2310989886172,0.9050350189208984
972,16.211,0.010194637543739973,116.42229571321366,14.697521305489893,0.2537160990092032,1.7653740266987086,105.70044229209756,0.8621820211410522
973,16.228,0.07112399437005623,165.8419196311637,15.96613932435379,0.2750692210125236,1.3568561248232243,112.39759795282484,0.8728690147399902
974,16.245,0.06681233376026302,167.31971027676224,15.89642151963638,0.273899151388473,5.700448774767807,100.22258450554682,0.8794237375259399
975,16.261,0.0757243980767954,163.6315578012497,15.52081821424001,0.2675884900696687,5.297375671267702,97.73090573895428,0.8840168118476868
976,16.278,0.08111833102988185,163.59330730450213,15.046620876039205,0.25960492138337404,3.716985872088941,90.91573952001698,0.8879395127296448
977,16.295,0.03555855266323689,138.24763726343437,14.756791984070107,0.25471658244486706,4.9584351554998705,11.285161016983881,0.8807554841041565
978,16.311,0.014644835975627471,146.28747708628762,14.452563747971416,0.24957837071869052,3.2595297872181277,15.641888291990432,0.8715212941169739
979,16.328,0.030809265125183626,159.63980641172515,13.946888711308203,0.24102235981028963,3.433141639472666,55.16541797851591,0.87540203332901
980,16.345,0.045818415261995746,158.37466380693274,14.09745519270245,0.24357193442203437,3.7665965329557025,44.12166784687263,0.8690435290336609
981,16.361,0.018635523330725046,172.9727388533555,16.06008881416951,0.27664532499485117,7.160366263610939,80.99283144465247,0.8809690475463867
982,16.378,0.011763172966302934,174.83829771327282,17.750844962538995,0.3048783443360658,11.084382152211873,88.06953641133934,0.8918768763542175
983,16.395,0.005866046229135036,174.72038563920404,18.080328172055495,0.3103500629962108,14.761166472607556,85.04376670891176,0.9020988941192627
984,16.411,0.015414823411143672,171.49499238975417,17.99837749272902,0.3089900621432053,17.000570154353994,86.2738719136727,0.9115180969238281
985,16.428,0.014589336558220064,174.0600229907141,17.918251726039273,0.307659735179608,18.221405193845783,87.06673603923073,0.9200599193572998
986,16.445,0.018175763973160133,177.01553263479914,17.567731555350946,0.3018330147978682,19.918512041805386,87.61269118647995,0.9275779724121094
987,16.461,0.019730147223480533,179.04974079363188,17.387911460087683,0.2988394553747107,21.561635506548654,87.7666394715449,0.9344532489776611
988,16.478,0.025794150671483513,179.73306083577506,17.36233903459521,0.298413498045723,21.953275650430967,88.82871388253518,0.9406350255012512
989,16.495,0.023003905215922053,175.93513725964922,16.769302298295067,0.288518846704831,20.77872409387274,87.7962001852006,0.9462143778800964
990,16.511,0.020540505804903176,176.30719363727275,16.77159276430823,0.2885571226295195,20.86453789981971,87.7955337030741,0.9512041211128235
991,16.528,0.026921198410210227,173.8733024687226,16.428618866335434,0.28282059264443543,21.166966394148773,86.49682284084726,0.9547766447067261
992,16.545,0.024829023947144216,174.75649313334546,16.159029053809157,0.2783043499681176,20.994317969686904,85.26698627956739,0.9583727717399597
993,16.561,0.02955730151351744,167.83409814627757,15.31124061648329,0.26406227732359544,20.320300561325297,85.4268281930548,0.960460364818573
994,16.578,0.030510952337666753,166.73494700026382,14.925878289601709,0.2575692416452193,18.746903580300597,84.95295488882239,0.9614557027816772
995,16.595,0.028576414674424285,168.5957186090867,15.022540471691956,0.25919902554475827,17.18888789576752,84.26347948909137,0.9624444842338562
996,16.611,0.029395901049171523,168.6210083969103,14.706353215279007,0.25386519804959157,17.30653815061106,84.00930170332015,0.964084804058075
997,16.628,0.03267129202125448,161.68175793124894,14.449009848687018,0.24951830587158455,16.691990347431584,80.33565117222435,0.9635167121887207
998,16.645,0.034995886445094736,164.3149858588564,13.974573954943535,0.24149128540308135,15.13519192681116,81.17187009493341,0.9646755456924438
999,16.661,0.03661047643557859,166.1577214269172,13.506304909326278,0.2335523634156827,15.442020568342201,82.6017077406646,0.9655113220214844
1000,16.678,0.039136841919487644,166.931272169101,13.709245613833573,0.2369949183680127,16.464663205982703,83.49765887606789,0.9662805199623108
1001,16.695,0.046250046714736474,167.09128343680055,13.581942559891806,0.2348357764664066,14.722249202341715,79.69301815796423,0.965350329875946
1002,16.712,0.04737235629920318,176.8918212873744,13.268507596197779,0.22951479845799233,15.540558850569681,79.11106468791331,0.9638414978981018
1003,16.728,0.05204215778966817,168.17346962548532,12.943049397381783,0.22398244338062515,14.349038347414279,77.22255517676076,0.9550783038139343
1004,16.745,0.0548799659428611,53.97461613994807,12.162303720256507,0.21068168519665517,12.039998622988662,77.6712329364523,0.9441622495651245
1005,16.762,0.03431903716752453,35.29453505245857,11.807787803364123,0.20462910035864273,3.446779549602468,78.25921572561604,0.9402573704719543
1006,16.778,0.028297271078093787,7.701766881112956,11.159777808765758,0.19354566341117804,4.391712213653847,81.11247480822124,0.9389588236808777
1007,16.795,0.06318385545338913,6.679840747167211,10.669056478230347,0.18513591224077033,5.933839219809414,87.8153099166534,0.9331364631652832
1008,16.812,0.09383080273589953,6.906689476562927,10.547352835091962,0.18304808684762958,8.08376253812176,90.95698819889608,0.9234732389450073
1009,16.828,0.12680037865495306,5.369525817144579,10.160048623229107,0.17639843439513447,7.5002972770504925,88.3107078355832,0.9023664593696594
1010,16.845,0.14509208403314966,3.481314949154252,9.796255040056543,0.17014509068833558,7.901497558120013,93.02430022552373,0.891403079032898
1011,16.862,0.15331415952691288,8.311961278080082,9.733981781645419,0.16907396468583197,8.999534317389617,95.45358845103884,0.8783847093582153
1012,16.878,0.1600453475809237,9.228155732940392,9.48615161041106,0.16480921581765606,9.032210620892357,94.01723151903259,0.8654922842979431
1013,16.895,0.16891956930164134,29.618116197423735,7.760811959327602,0.1350379085161595,2.7223476873923573,93.31483731708146,0.8582602739334106
1014,16.912,0.17009294266993413,21.03826900055583,7.5575297426218615,0.1315216196092751,8.33614792290146,91.5668435973626,0.855392336845398
1015,16.928,0.1728064224413473,96.95449719466659,7.447589259165727,0.12961922347414737,0.7632002546378089,88.59952949038714,0.8593847155570984
1016,16.945,0.18071396529710704,94.36121250447722,7.420135978584856,0.12914410066166893,3.416995147518975,74.64584150638258,0.8622931838035583
1017,16.962,0.19768529409025812,165.61841989598645,6.210531364704491,0.10818208577573624,9.380535456763276,98.37893981288799,0.8741118311882019
1018,16.978,0.1844298548026438,30.760708712859028,6.9085453554489344,0.12028490188301051,6.949660594457438,111.72719421142219,0.8600262403488159
1019,16.995,0.18256579019544802,170.0233867692164,1.4294786208977586,0.02494652030665581,0.14009991350589912,107.79088918670517,0.854012131690979
1020,17.012,0.18192198655792416,176.97725190225972,5.382087116299407,0.09379705742732418,12.950940507161416,114.26825175594993,0.8491246700286865
1021,17.028,0.11399606804284976,150.79384589225478,4.68059301107971,0.08160092705199802,21.09569107582994,80.0122594274124,0.861012876033783
1022,17.045,0.1347770720185016,149.9152990820187,3.725937210364561,0.06498404776675497,12.303299032787464,83.53683302329499,0.8716241717338562
1023,17.062,0.1404022596162307,155.75124730640295,4.411149843887609,0.07691305462105241,9.81571943498966,86.01658824939543,0.8821351528167725
1024,17.078,0.15493056497892288,146.60275018608004,4.928982107829123,0.08592089672342194,6.422399555898238,88.75927944291819,0.8835367560386658
1025,17.095,0.05030148441328215,171.2721407317265,3.511930509095348,0.06125637649032166,4.1955687594457345,109.99892040567809,0.88865065574646
1026,17.112,0.038997851329121334,169.86836920717255,2.9035424050909793,0.05065468743442195,-176.14124230845732,106.00285745276504,0.8837878704071045
1027,17.128,0.01444039322538752,170.47088478658208,2.6532245134729187,0.04629095514401704,-173.1669229943767,103.83718628046964,0.8679946064949036
1028,17.145,0.011661118624757801,153.01203211020956,1.7334972450617954,0.03025061887637052,5.617814267777732,105.93769341792225,0.8171529173851013
1029,17.162,0.08268325272170943,162.22097693668482,1.2820259176128803,0.022373706289128242,-163.9668361787609,90.04639254552349,0.8138203024864197
1030,17.178,0.048133637617449015,170.26517626105982,1.3501463323890883,0.02356231810661699,-161.7087894087049,100.46440815553368,0.8207244873046875
1031,17.195,0.14909633935715635,166.05403193480748,1.1098142455706357,0.01936870144919076,-157.4905466523354,78.72532296466999,0.8365986347198486
1032,17.212,0.15854856671699835,164.65557794677542,0.8839696411205958,0.015427568674055614,-156.6061265571658,77.99659615508853,0.8505533933639526
1033,17.229,0.2379257144065192,174.60032449549084,0.42910626331911256,0.007489247123572429,-155.32300355998763,83.11689233307015,0.8611594438552856
1034,17.245,0.16507594339420537,165.42772272323737,0.15925922411492544,0.00277959424570691,-155.48257349088613,77.08463262834661,0.8669947385787964
1035,17.262,0.18693108815084888,165.01376252830198,0.8555484885963625,0.014931583142637558,-154.7029884026299,76.70510392941213,0.8747920393943787
1036,17.279,0.25959796354523923,177.22836593720663,1.0883724393353607,0.018994540187430037,-152.14615089189078,91.42306460416587,0.8795825242996216
1037,17.295,0.14279996933189032,164.0246663372406,3.0966075551563077,0.054019690200574635,18.089079570476713,84.33451415126387,0.8687716126441956
1038,17.312,0.1471189529787054,160.20059488001186,4.4964728497908375,0.07839772496497419,16.76378224456093,86.53869602933122,0.857515275478363
1039,17.329,0.14807921433152535,148.60739198922946,6.826589089608249,0.11886475822242659,15.493534378400938,76.51993749114075,0.8542218208312988
1040,17.345,0.13232710424468497,147.6473041873304,7.146538879449603,0.124407464120088,17.0641104712451,69.30961491208801,0.8392166495323181
1041,17.362,0.1389066913868551,140.05603438308825,8.676802808382359,0.15086059893985218,17.678418345361166,68.95301902640331,0.8381093740463257
1042,17.379,0.1291941582691481,133.3252504082793,9.436989316918703,0.16396284471414624,20.277414147630026,71.48730727158281,0.8144490718841553
1043,17.395,0.1383717227332653,93.195219517012,9.784115599804633,0.16993630298780452,15.340176171003861,79.31203227627623,0.7849375605583191
1044,17.412,0.14000272748847095,115.80139099552044,9.629374060492177,0.16727421937924572,13.867034350182081,79.49453973217129,0.7564882040023804
1045,17.429,0.13551706361403415,135.5606122091941,10.131767935241683,0.17591256188451268,13.841936370389305,89.23368536095447,0.7068766355514526
1046,17.445,0.14084312932421417,149.36150460753382,10.563232341721353,0.18332054675653892,12.31207730380686,88.15608243963005,0.6724932789802551
1047,17.462,0.1394017978039385,142.22717549095398,10.92964851248093,0.1896035460917622,11.462263249505725,86.90145631477854,0.6469503045082092
1048,17.479,0.14344050599271915,146.9789161330159,11.018363983066445,0.1911236088311461,11.900016519829478,83.69427839674563,0.6290467977523804
1049,17.495,0.1629121666341182,150.56839357514218,10.935727611076356,0.18970772072878395,11.194795083886646,89.15771439961442,0.6237970590591431
1050,17.512,0.17644014563472954,158.73487416442572,10.865829684526375,0.18850978442925012,10.763939777324225,90.49729535569493,0.6205331087112427
1051,17.529,0.17795654295064842,138.10842026322942,10.756652795378187,0.18663811019471055,7.255374292175333,82.97191479707612,0.6393593549728394
1052,17.545,0.17998623351802875,123.83079441477987,10.520155555825367,0.18258140441872683,5.806890842525064,81.79307802035963,0.6470525860786438
1053,17.562,0.20467392888537228,159.97225222132957,9.001329372418978,0.1564573812696118,0.6699034463201201,97.17792971940406,0.6518881320953369
1054,17.579,0.2147397600602379,163.34149784886037,7.812364410210961,0.13592937232783361,1.1944753649633526,92.05624353661055,0.6765314340591431
1055,17.595,0.23365281475406063,176.79988849522385,6.758686081139764,0.11768794599469576,3.9352782528665955,95.33424507633765,0.7050148844718933
1056,17.612,0.23828444997766343,176.5374763330833,6.030660293217976,0.10506063988217433,6.212084251079347,95.79090305914976,0.7301697731018066
1057,17.629,0.4213064902244634,154.4181332591788,5.42482528804498,0.09453966456013178,11.760320479425246,117.43035775169622,0.7474973797798157
1058,17.645,0.3678120323789963,167.09679674716566,5.260172580508444,0.09167841742937081,12.683055952063427,96.12989714197892,0.7669748663902283
1059,17.662,0.3435135557136829,176.70446943244391,4.945768479155166,0.08621278703906733,13.638793879846162,93.1874028201486,0.7872270345687866
1060,17.679,0.31318187062927494,179.02368986532036,4.83194530996872,0.08423342572761458,12.944378560087756,93.51496630442902,0.8036890625953674
1061,17.696,0.3267451022804748,176.0737439512199,4.868678277993231,0.08487224113148557,13.500090237922876,105.7867657716664,0.8142476081848145
1062,17.712,0.36690864565238784,174.8925705878251,5.394299538046703,0.09400926257119974,-165.459693641149,111.26516136710168,0.8277881145477295
1063,17.729,0.28772254789060175,170.73789002106972,8.564152161892652,0.1489166861254451,24.417764297920872,110.98511320173897,0.8361543416976929
1064,17.746,0.19859836861539099,175.97755874502099,7.5309150964624445,0.1310611273174512,7.880530205228297,108.94036417802454,0.8439703583717346
1065,17.762,0.18515645823357457,175.00227863691288,10.208920470060868,0.17723796913543508,-124.01438766292517,92.26092504308177,0.8503131866455078
1066,17.779,0.26797952925230034,172.79189023121444,10.761246435059833,0.18671687497072323,86.44578832812024,50.94332580532537,0.8486782312393188
1067,17.796,,,,,,,
1068,17.812,,,,,,,
1069,17.829,,,,,,,
1070,17.846,,,,,,,
1071,17.862,,,,,,,
1072,17.879,,,,,,,
1073,17.896,,,,,,,
1074,17.912,,,,,,,
1075,17.929,,,,,,,
1076,17.946,,,,,,,
1077,17.962,,,,,,,
1078,17.979,,,,,,,
1079,17.996,,,,,,,
1080,18.012,,,,,,,
1081,18.029,,,,,,,
1082,18.046,,,,,,,
1083,18.062,,,,,,,
1084,18.079,,,,,,,
1085,18.096,,,,,,,
1086,18.112,,,,,,,
1087,18.129,,,,,,,
1088,18.146,,,,,,,
1089,18.163,,,,,,,
1090,18.179,,,,,,,
1091,18.196,,,,,,,
1092,18.213,,,,,,,
1093,18.229,,,,,,,
1094,18.246,,,,,,,
1095,18.263,,,,,,,
1096,18.279,,,,,,,
1097,18.296,,,,,,,
1098,18.313,,,,,,,
1099,18.329,0.025875320537441158,114.09668680042873,3.8963105072873754,0.06795104584678939,11.809046004324813,72.3819424856485,0.860970675945282
1100,18.346,0.04479946156578369,114.19597579910779,5.044549318296705,0.08793028986304381,22.78533289089367,72.58990488776061,0.8716789484024048
1101,18.363,0.04509736633044506,139.84240392235765,5.181966156866712,0.09031912115940548,5.132767751112738,25.28975275930593,0.8815235495567322
1102,18.379,0.1061594011347871,133.49349000967015,5.834562443062544,0.10165641908714175,9.30288114477591,58.24061418444048,0.8835551142692566
1103,18.396,0.06713829379399709,141.6176679577537,4.953887149655715,0.08635395612836806,-158.16497003834053,85.18919425585084,0.8897107839584351
1104,18.413,0.05867117364587744,154.62452522203563,5.155865199256852,0.08986542603498325,-150.14381150977795,81.81225754708937,0.8925352096557617
1105,18.429,0.030624561728398864,160.42825693147896,4.3157871249661595,0.07525348568597476,-148.49132644250324,95.49887336593194,0.8996302485466003
1106,18.446,0.3155739105363247,172.24862548959456,3.4334394950015934,0.059888965442331944,-145.65401925332043,31.804078906200324,0.8973142504692078
1107,18.463,0.0926621204027437,179.26073297802319,3.3907382294504886,0.05914500894015078,-151.0848956158419,83.85280325544477,0.9026374220848083
1108,18.479,0.06779631129191181,165.53104751064652,2.7488455912173317,0.047958003480414194,77.57145171870961,96.58091305077033,0.9038230180740356
1109,18.496,0.041945115416992314,178.46870722399603,3.6113565746982705,0.06298833679341549,-151.9062262823436,82.47310295918378,0.9082433581352234
1110,18.513,0.29950409613538725,142.78134676708925,5.079290247765979,0.08853426867379442,-159.63245150563284,32.413738692868094,0.9095054268836975
1111,18.529,0.000218539812834969,179.7510161186124,3.974623608929669,0.06931464422632137,59.098583843866976,95.10777180861591,0.9141711592674255
1112,18.546,0.029152558187009143,178.0192247777617,3.6000422513191848,0.06279125549879032,-164.44649824414313,101.84721762202638,0.9207505583763123
1113,18.563,0.06530306475430259,177.6989129166199,3.6325740070384964,0.06335791117298509,-159.391384338208,40.375758002550924,0.9264464378356934
1114,18.579,0.24203773474285786,177.04121395549828,4.128092547546256,0.07198648836580879,-150.73875226990782,32.3067782593034,0.9314016699790955
1115,18.596,0.14160084810850074,171.80721619147414,3.4379270423073125,0.05996714714906269,25.448800924933778,80.77375136924807,0.9355149269104004
1116,18.613,0.07930241540249373,178.395836568834,3.1038398327207424,0.05414573251796008,-136.09329096375018,97.2297282992301,0.9379974007606506
1117,18.629,0.20299894055582868,179.22866727300246,5.9455312703098,0.10358296531137068,9.094909966862486,74.96596884916278,0.9357814788818359
1118,18.646,0.17332614869647262,176.1919644474934,4.533596282298291,0.07904364037889701,-127.63235192568561,66.98767283516167,0.9370216131210327
1119,18.663,0.19078244736086455,174.18009980515103,4.749222252218303,0.08279467986579539,31.049836936938988,88.62322734801788,0.9376101493835449
1120,18.68,0.20752931321650234,166.59238000702283,5.39256180304269,0.09397906764884778,-175.26801538436075,55.91435658048385,0.9402027130126953
1121,18.696,0.21395633057745655,177.34333657051027,7.305468061907464,0.12715927014712908,7.767980811110361,84.06059319563512,0.9403167963027954
1122,18.713,0.21488350352308494,177.59896710274913,6.496777415169372,0.1131473304223096,6.744365565368334,93.09666007406855,0.9426349401473999
1123,18.73,0.20731010898689692,176.6074968562364,6.469250660930804,0.11266997011996041,7.534412715920308,92.6594884492747,0.9412987232208252
1124,18.746,0.2516539220840128,179.90893995000744,7.429502217503438,0.12930620170437424,14.091069671683279,79.13658209048376,0.9353087544441223
1125,18.763,0.16856253768066054,179.59613954959474,12.152701759966138,0.21051785792816663,-112.06395195295909,57.67165894182934,0.9353159070014954
1126,18.78,0.1427423838174904,172.514728674511,11.535276769683788,0.1999712320965458,-144.4951893805577,69.46893240397401,0.9378305673599243
1127,18.796,0.13501265731673642,165.20321890923157,9.221595158167311,0.16025323451253057,-83.40468354022926,68.52143131078356,0.938230574131012
1128,18.813,0.1356680094893934,157.97222177959245,11.724047611443236,0.2031982670861328,-118.98236596433122,68.35737755138105,0.9410436153411865
1129,18.83,0.1261316354677541,155.70783466057264,11.391603354564952,0.1975136803899484,-127.19745968057646,67.5474767663672,0.9435304403305054
1130,18.846,0.08134365526155311,151.40978318620307,11.833445758597927,0.20506741965553324,-134.95087431315392,78.50028747654493,0.9455541372299194
1131,18.863,0.0610799248061886,176.98455629457675,11.032093202828165,0.19135880626816687,-134.92749403408328,76.29232559419509,0.9495148062705994
1132,18.88,0.12787477871712133,179.31865018129875,10.705587292252632,0.1857624356069412,-140.9904274044378,90.41786796513489,0.9530880451202393
1133,18.896,0.22276969219964127,144.65837134382457,9.423275217504074,0.16372672315418943,-137.9893481707159,86.12244912505389,0.9529476761817932
1134,18.913,0.2993852206998234,177.34969082799546,10.663015899747402,0.18503230577020935,-139.56626796656803,76.86841507988774,0.9558262228965759
1135,18.93,0.2929159541719,142.11298853413882,11.032468826521818,0.19136524098276742,-141.52924430783713,74.75983167416649,0.956621527671814
1136,18.946,0.323797007252379,136.5151864143906,11.03640617814013,0.19143269026361923,37.12108430338955,85.41267999551953,0.9578060507774353
1137,18.963,0.05101615469804908,176.01750673565851,10.508642964985203,0.18238384564732243,35.336383385681415,72.65790364526912,0.9606063961982727
1138,18.98,0.003698453855382953,154.08136660963473,10.240826438187813,0.17778598956164976,34.581191340221466,65.11855347417809,0.9622879028320312
1139,18.996,0.06454126702084535,177.29515452809102,10.725234191075263,0.18609935941584585,36.82687256352216,71.2587614258042,0.964078426361084
1140,19.013,0.07502962094983387,178.74400797491518,10.560042816127186,0.1832658221395765,37.40385489743747,68.5241259647588,0.9663666486740112
1141,19.03,0.05967411138515457,179.8692875476099,11.603888483182331,0.2011444013541267,35.51089489693629,73.01080573404407,0.9680233001708984
1142,19.046,0.063694992411662,179.4417806903014,11.937883919363296,0.20685112956104668,37.46889871784825,68.53821319006964,0.9698523879051208
1143,19.063,0.0678543296694367,178.32086395323347,12.409533475587704,0.2148978332197543,37.559799197017355,72.54645727485149,0.9714401960372925
1144,19.08,0.06778717274325413,178.21036202233523,12.744577264729832,0.22060512316409184,36.43241178347989,66.26300862960876,0.9729458689689636
1145,19.096,0.05649739300318705,176.44917218503102,13.153919806689299,0.22756779444715677,35.81757198347674,70.93252948972793,0.974453330039978
1146,19.113,0.04645811521349108,176.23992029741336,12.855866245737383,0.22249921146178853,36.10174546101655,72.2520443924041,0.9745782613754272
1147,19.13,0.04052080605411051,178.80048475165287,13.883172497040938,0.23994293722181986,35.032393085171606,62.40509266933241,0.9756633043289185
1148,19.147,0.12109705096724085,171.06107390935486,14.250082362940315,0.24615468630252338,35.10280246274152,65.27183354769328,0.9746146202087402
1149,19.163,0.030239537476219155,172.9487172761398,15.125224645487544,0.26092953571760974,34.793021541907905,50.12372986008391,0.97512286901474
1150,19.18,0.0023624864471828017,149.1279746792241,15.246972690768178,0.2629802380923178,35.57517507507953,55.85538457321379,0.975334882736206
1151,19.197,0.0006327827524930886,171.0523221796975,15.789887170297698,0.2721104092315997,34.5477512794578,49.83223735463917,0.9761391878128052
1152,19.213,0.00011863862261335292,175.41868460413906,15.408659592988482,0.26570182629926153,35.08116659856452,63.35637013524954,0.9768333435058594
1153,19.23,0.043180549436758225,179.16985569469716,15.83714313354531,0.27290396681794765,33.16566330392328,57.305593655779006,0.9781794548034668
1154,19.247,0.0536395497514929,178.64783979965847,16.418766948898764,0.28265566023428995,32.68146367484286,56.81110414987228,0.978856086730957
1155,19.263,0.054707633628109965,176.61406759484314,16.94156023299981,0.29139615414039216,32.482666640988754,55.59121863973616,0.9788922071456909
1156,19.28,0.04952484466860015,176.16549390672708,16.95997931216276,0.2917036614945695,33.68712857530326,54.91057628389613,0.9792581796646118
1157,19.297,0.10040167145698654,176.05271843084245,17.197485037576072,0.2956661184126634,37.10428516778407,53.12396946607195,0.9800102710723877
1158,19.313,0.10494468895131079,179.14432552763517,17.922681280589476,0.3077332947465746,39.642765670247655,57.443647017023956,0.97867751121521
1159,19.33,0.13168093340731424,177.1743225758615,17.11231449329918,0.29424574555404726,41.24662469792318,53.13532596777962,0.9787049889564514
1160,19.347,0.1251826326554303,177.80795687588662,17.575630541952638,0.3019644454189,40.69210747975231,54.08590501813963,0.9784694314002991
1161,19.363,0.13070126091102133,170.98387365106703,17.50728138440279,0.30082699936648566,40.38479040906722,52.84735499747824,0.9785526394844055
1162,19.38,0.13240502774746613,170.07166647296157,17.865261286331382,0.3067796049623514,40.80811347484871,52.57423699942937,0.9783674478530884
1163,19.397,0.13635481986607315,164.2777327848068,18.098390693894295,0.3106497317167698,41.86269881225056,50.98520886920222,0.9787360429763794
1164,19.413,0.13671183689822164,165.27470446940856,19.09593457357664,0.3271508492330195,40.43511757776426,54.43200377906649,0.9786579012870789
1165,19.43,0.13504494123521207,165.65259967116373,19.992162143876968,0.34189159356237747,41.111945600769616,49.8685411273796,0.9794098734855652
1166,19.447,0.13048890914610506,166.20984971591096,20.75620027756787,0.35439223182111995,41.12561425675682,45.643547119337285,0.9794265627861023
1167,19.463,0.13072901150934393,167.84115595697003,20.878401951788867,0.35638581901652433,38.4071252824709,46.26278107751303,0.9796551465988159
1168,19.48,0.13399083746850274,168.90445481743387,20.659273410367106,0.35280982868296346,37.25412907835482,48.73005296108558,0.979623556137085
1169,19.497,0.13568584295524386,172.84104464260932,20.761671093159567,0.3544815167558777,38.88649644096415,49.19297309776834,0.980112612247467
1170,19.513,0.13792759947020905,173.15985654587251,21.481422352086756,0.3661995278265854,38.73810935098899,48.35582525024526,0.9801462888717651
1171,19.53,0.1320750204058705,176.21498368677743,21.98541368775454,0.3743705395790117,39.75649281207299,49.36700310382529,0.9806689023971558
1172,19.547,0.1317512949673354,175.8407104832318,22.898310287219005,0.3890967832448127,38.42433367226815,51.222848617894435,0.9810879230499268
1173,19.563,0.1189538367967576,175.92369623657189,23.164056667330012,0.39336523140026997,41.57648474765085,50.855069059730454,0.9816513657569885
1174,19.58,0.11766977799600654,175.65986784052356,23.61569192940011,0.4005999871458989,39.57559003476618,50.53219462518112,0.9820041060447693
1175,19.597,0.11784693481062529,176.92095379213157,23.57824026343479,0.4000009883291322,41.55355959340645,48.17016935136879,0.9824645519256592
1176,19.614,0.12332682265250879,175.42273579389695,23.61239248315878,0.40054722294998324,40.04945616779875,47.63325927808882,0.9827410578727722
1177,19.63,0.11839036764301021,175.4017832837428,23.87649943846464,0.40476656032063035,40.9257860823474,47.329367057897954,0.9829908609390259
1178,19.647,0.11015203746255094,174.4717057000969,24.63877849629206,0.41689607917833016,42.99820630784052,45.515301704802226,0.9834014177322388
1179,19.664,0.1140946771843538,173.26710916700534,24.21215637758803,0.41011654805695225,42.17054835277378,45.13833355459333,0.9838995933532715
1180,19.68,0.1186858162899113,172.46901484327032,24.15423921115519,0.4091944143359001,40.701190491549,45.76448178304948,0.9841955304145813
1181,19.697,0.11462032728802429,174.34299415627953,24.07445359496812,0.4079234154549198,41.1285444809661,45.62125833304958,0.9841559529304504
1182,19.714,0.11374638939792439,174.64215824623005,24.89763661536792,0.42099839849288173,38.16616239866852,46.23448996603384,0.9843115210533142
1183,19.73,0.10876782247507016,173.9947074279238,24.78523272675303,0.4192181001830387,39.06876146759359,44.96840855535077,0.9846439361572266
1184,19.747,0.10390994855812224,175.99618228409437,25.4677625216588,0.4300031889542927,38.728311289933515,43.533984095500955,0.9845028519630432
1185,19.764,0.10364116658432293,174.53365916130082,25.52022530720489,0.43082968096255997,38.51678151363737,44.58266163428513,0.984450101852417
1186,19.78,0.10278200485885176,176.4191772930402,25.816380686092106,0.43548847993276624,40.42073065705512,45.99195001892766,0.9844505190849304
1187,19.797,0.10204279980862939,175.981979792329,25.918041202809928,0.4370850180141198,41.21111216367851,46.96607524506347,0.9848076105117798
1188,19.814,0.09801224859504831,177.87307500315612,26.031067513919485,0.43885843578431694,42.582880719085864,46.41602008866128,0.984648585319519
1189,19.83,0.09782253100700326,176.74134620320908,26.04591497352591,0.43909127025878647,42.26434355358812,47.27625550901848,0.9844290018081665
1190,19.847,0.09436236027434097,174.846424943856,25.795597095067954,0.4351619129223429,43.260048623053194,45.48700336689243,0.9834492802619934
1191,19.864,0.09357960521736793,175.8237821170457,26.610049793785763,0.4479159173832608,41.82513021116321,45.70806377122129,0.982489824295044
1192,19.88,0.08925224211730699,175.56608695566285,26.669021962291417,0.4488359149711321,41.16599974196657,45.63507471299565,0.9822292923927307
1193,19.897,0.09045759690448844,176.6509549940715,27.178384992866693,0.45676235950688554,43.20088610255654,45.85861594077553,0.979935348033905
1194,19.914,0.09159826669403892,176.63264109514427,27.312402268564323,0.4588418941982084,42.71592771076183,45.17359572954519,0.9782618880271912
1195,19.93,0.08550877679604106,176.51484313071975,27.697882570817807,0.46480932470216724,40.746201329991464,45.00648499077686,0.9775545597076416
1196,19.947,0.0740238299449185,143.2292453554636,28.251429910425898,0.47334165111482607,45.67152618281962,44.21771384862689,0.976434051990509
1197,19.964,0.06865402586791103,171.3694674253245,29.35647119488019,0.49024173260928156,44.56671146746382,44.98275992921367,0.9742267727851868
1198,19.98,0.07266785577225698,176.11564000522523,29.786542000542592,0.4967701210155175,42.65315806087483,45.70788334034664,0.9739487171173096
1199,19.997,0.07199019992731523,177.22190051358,29.488691866245187,0.49225177348769583,44.37396108086911,45.424475852841674,0.9733472466468811
1200,20.014,0.06406261679556195,177.30124315997614,30.35407128393262,0.50534220434518,45.09559136748783,45.53748257790603,0.9718495011329651
1201,20.03,0.527435904549795,132.53613588874987,30.99693077105811,0.5149921573041168,48.07074047945943,93.3157188944654,0.9721150398254395
1202,20.047,0.3409267312957059,155.27909572000414,31.158713326193777,0.5174105093748591,44.54526688548097,117.02941738955121,0.9724078178405762
1203,20.064,0.2349384528627104,159.67307170616394,31.263848601882305,0.518979878366978,43.764169372037074,120.85983949603795,0.9721124768257141
1204,20.08,0.17705896906025903,178.87712417296544,31.152605545506713,0.5173192840810146,42.791949794982585,109.2952768339119,0.9726313352584839
1205,20.097,0.11762633022650891,169.68602865147267,31.86878204950131,0.5279756889705478,43.28407666987253,100.11943958572212,0.9722096920013428
1206,20.114,0.09442211518079889,164.04980861960652,31.863682148881786,0.5279000942437277,42.93952392569625,82.17145768666713,0.9725694060325623
1207,20.131,0.06393734594414142,135.91305886412346,32.65837952220624,0.539628892467324,44.88532254309007,64.99375298600737,0.9719931483268738
1208,20.147,0.05534348476287295,133.46234531990476,32.806924142787764,0.5418097880355205,44.41691418424142,56.54626344568017,0.9718824028968811
1209,20.164,0.03897391808207525,173.50419522648312,32.96386684037296,0.5441100253544633,45.40720466548504,52.27194822209464,0.9696885943412781
1210,20.181,0.03758996957918391,179.5667816683142,33.30439987581213,0.5490869999652769,43.5711258069627,53.311254354616516,0.9701663851737976
1211,20.197,0.03637014371424068,179.02586028711647,33.68056759115314,0.5545622303843879,44.668862482086595,51.37185320560241,0.970979630947113
1212,20.214,0.025758350841694613,179.26308944598225,34.58949451329856,0.5676928090662107,45.57624582469582,49.84307896179586,0.9711053967475891
1213,20.231,0.016296328980525476,178.83297380447524,35.28130348075003,0.5775912750159176,45.96303648516226,46.838531032178075,0.9716062545776367
1214,20.247,0.5754529348998675,126.1005631208841,34.89835868387073,0.5721223788362434,46.89347388640704,83.05297283778941,0.9697110056877136
1215,20.264,0.39936675806958155,151.36698418234434,34.85259368091374,0.5714670870097142,46.7362741979873,34.732440938970775,0.9703571796417236
1216,20.281,0.34295940094815225,165.89118276041393,34.66882698518277,0.5688321338514,46.101471928560386,28.540909703350184,0.9713215827941895
1217,20.297,0.2840881720191732,172.1370136205858,35.019501954045246,0.5738552206117156,45.62579636404165,26.906721379882804,0.9714887142181396
1218,20.314,0.2298252123201562,175.1501788757012,35.26448234257615,0.5773515896426299,46.02060606725399,26.742072881402386,0.9699994921684265
1219,20.331,0.19221216751081768,176.31293124231382,35.449067200202194,0.5799790224005557,45.67389592946475,28.76099148959362,0.96943598985672
1220,20.347,0.14703171207946453,179.73838977861456,35.58597666833881,0.5819239436211822,47.17964573553874,29.89031160652819,0.9655983448028564
1221,20.364,0.11572723088501022,178.3169365915008,34.98232370742148,0.5733236928673562,47.663780852332096,32.14495411014963,0.9644047021865845
1222,20.381,0.09373848229958805,178.43628022379986,34.96618428662087,0.5730928766009825,47.319185035372215,33.83606622157611,0.9637149572372437
1223,20.397,0.08150162528720523,178.19802597485497,34.69248571179382,0.5691716951088234,45.89517299219604,35.993152773091374,0.964024007320404
1224,20.414,0.06542979897305427,178.96687999436622,34.471488384717944,0.5659960638519114,46.34748345086116,37.72326893930423,0.9626893997192383
1225,20.431,0.05444162192355714,178.12680841327523,33.99547975158798,0.5591274962887931,46.59455308575701,40.47498526266209,0.9638311862945557
1226,20.447,0.04606058400806003,176.96243185034749,33.797780556011816,0.556263425565667,47.04257232181857,41.67379353479208,0.9646668434143066
1227,20.464,0.041076914429708546,175.75321853413965,33.76379506488517,0.5557704092733352,46.86945423045114,42.90816854678382,0.9653974175453186
1228,20.481,0.03645677787012099,175.71717943180548,33.790168736869525,0.5561530204222928,46.519504454357644,43.11568817976261,0.9659342765808105
1229,20.497,0.035870088061660775,178.40554933214472,33.35063562969058,0.5497612553245863,44.0027820717831,43.060200852093175,0.9679509997367859
1230,20.514,0.03490853696424656,179.03987206672937,33.05317283127173,0.5454171210197447,44.53825965825541,43.39390025322038,0.9693829417228699
1231,20.531,0.04062409109087119,177.48398299025826,32.03340142513145,0.5304135563847749,41.121988132975574,46.57339881720538,0.9715925455093384
1232,20.547,0.04879023429044879,178.99279219177612,30.811501293678543,0.5122152782484711,39.02693936215498,46.939807525673,0.9736379981040955
1233,20.564,0.052799869831567335,176.181894002266,29.47446523852462,0.4920356235673122,33.31465708527635,47.263409041845875,0.9755815267562866
1234,20.581,0.06388834150935405,177.8947878251464,28.079774853314465,0.47070046515336034,27.8243320931127,48.428938235402036,0.9771244525909424
1235,20.598,0.07374621685684805,175.91301411405738,25.59801753058169,0.4320545445799913,20.34418005400201,46.37909862961643,0.9789197444915771
1236,20.614,0.08220224502662916,178.50597322937546,23.966254339600816,0.40619851905943277,18.934959392285748,44.55236385606324,0.9804513454437256
1237,20.631,0.08314510898024247,176.33483249112402,21.64902087880786,0.3689199120547847,21.906621923778744,42.13392234023028,0.9819139838218689
1238,20.648,0.08345487837516745,179.55789718161918,20.051481383969207,0.34286433743746875,20.49701671862573,67.9416890018025,0.9830352067947388
1239,20.664,0.08262648880515489,177.23485582205555,18.641302489210673,0.3196424388968724,23.351087321943027,71.38861628233853,0.9843184351921082
1240,20.681,0.08784463607429456,175.3068834646275,18.796424944249125,0.32220662700852226,21.633789434595712,62.5958939902582,0.9853735566139221
1241,20.698,0.09394760857810888,171.4397038116239,18.229880477608916,0.31283029852109295,14.889949269028591,59.59801619011213,0.9862908124923706
1242,20.714,0.09553468233421977,171.9653837570477,17.99248952360581,0.30889232481520223,12.128356854783192,56.53626229244726,0.9869740605354309
1243,20.731,0.09722501846584558,172.44454732426888,16.663675242526633,0.2867532154956345,12.394031359466595,56.32746308426863,0.986786961555481
1244,20.748,0.09603697691739602,172.3755240155741,16.160824263349873,0.27833444430103255,12.265892314949411,54.970108671698824,0.9863072633743286
1245,20.764,0.09423982841492937,173.6604784742426,14.518292181459447,0.2506890809369782,11.131502721442104,54.66321629540948,0.9856879115104675
1246,20.781,0.09027373771757252,175.74270248345718,14.15587352332174,0.24456069263134503,10.257914834095061,54.34190720851316,0.9849574565887451
1247,20.798,0.08924396809888946,174.97243121447974,13.011821119623015,0.22515207911029872,10.459470993975515,52.95389509927321,0.9849506616592407
1248,20.814,0.0857330558936376,177.67123269310525,12.474968113437695,0.21601306046697571,10.388778510182021,51.98894934282648,0.9840242862701416
1249,20.831,0.08269990238505402,177.49867834199807,10.401112825674604,0.180538248605884,8.430847251653375,52.856540522514706,0.9835326671600342
1250,20.848,0.0802440406310149,177.64182307150247,9.992432024614233,0.1735180967487957,9.1814839889322,50.143352892043445,0.9825078845024109
1251,20.864,0.08121461069982111,179.78097512486053,9.673173197263344,0.16802783894270543,7.778079522849737,51.53645489377587,0.9807701110839844
1252,20.881,0.08413513105024724,179.48765470933589,9.528538525906718,0.16553884558562318,8.811015305815516,52.08155767246225,0.9798550605773926
1253,20.898,0.08507076557517793,177.14562596142022,7.760348483370939,0.135029893423695,4.571729101376405,53.207856966332145,0.9759222865104675
1254,20.914,0.08919504405642706,177.7356533046979,6.66814454705671,0.11611853355638398,7.816450580886766,54.56532737334531,0.9732484817504883
1255,20.931,0.08656155928490017,173.63861186106345,5.895906208208981,0.10272146486376707,5.8176589412739474,56.155233017635595,0.9666479825973511
1256,20.948,0.09546669656580982,173.17488330720235,5.3767195668841214,0.09370378861549512,7.583810927865613,58.62316387068618,0.9505492448806763
1257,20.964,0.08367960957810534,173.70627942974022,5.144590720776409,0.08966944370058166,7.8048894403085,62.23427359784912,0.9404628872871399
1258,20.981,0.06867414484176268,173.8032767990266,5.338296647728674,0.09303611173568256,7.765675337819999,66.71518303431785,0.9385896921157837
1259,20.998,0.051439046606131675,174.7764734571491,4.844095632143833,0.0844447332973322,4.613060236417141,68.62664647630372,0.9342023730278015
1260,21.014,0.0335816806531573,175.771322879269,5.11405958218022,0.08913870872100967,5.949542537398457,71.08087947482232,0.9319943189620972
1261,21.031,0.006377759630971888,176.02540318649812,4.956724580879906,0.08640329354925706,3.463203564757862,75.2518977905203,0.9334019422531128
1262,21.048,0.0018903966049582418,176.64011379971066,4.5541735958161835,0.07940165344699834,1.9601660517540722,75.68819835875036,0.9331380724906921
1263,21.065,0.009293692752107436,177.07227987521225,4.553000536120068,0.07938124431803086,2.9135460728939506,76.4370029463009,0.9335217475891113
1264,21.081,0.010296213462721648,176.40331722272322,4.791619612853076,0.08353209006260981,2.514119489936604,76.33313537269962,0.9352100491523743
1265,21.098,0.027795208293888034,178.51508350210804,4.898389905295811,0.08538892435227806,2.4366659822579777,77.21752028984477,0.9349106550216675
1266,21.115,0.026371041600156117,178.46686916735186,5.17255044723209,0.09015545646411682,1.6110058389683672,75.61752953999402,0.9382675290107727
1267,21.131,0.000870347653895957,178.2535453944696,5.155723182543273,0.0898629574043229,2.094966855590002,71.88504880808094,0.9411519169807434
1268,21.148,0.011829623207970676,178.01868970224788,4.832073286423917,0.08423565139977196,2.7726102992090205,66.3144578278924,0.9426724314689636
1269,21.165,0.021074844122005356,179.468046909158,3.9638965780856132,0.06912787130285651,2.2839562044761976,88.58847683867582,0.9370825886726379
1270,21.181,0.0019470340960938111,155.37604804360916,3.1537146659450395,0.055014914991692296,-177.49773973093022,91.79427094714153,0.9264194369316101
1271,21.198,0.0020721338630587775,89.44069174667028,2.5898971813430305,0.045186841492474844,1.9038428883841618,94.83059396438085,0.899263858795166
1272,21.215,0.0035630281701713677,74.13512046684792,2.0268408647489564,0.03536766894580788,1.036219521994525,94.07665501918207,0.8665167093276978
1273,21.231,0.0023948385827342452,69.55481784887948,1.4440038949705525,0.02519995446284485,1.353169106496182,94.36822436171228,0.8299754858016968
1274,21.248,0.0035002653311847873,72.57825801630334,1.3400081645725228,0.02338542245522959,4.17074401791956,96.91587782613892,0.7904847860336304
1275,21.265,0.0047347154197259905,85.53846509487492,0.7320633438003912,0.012776568047639159,4.726420457956834,84.31014241121078,0.7575061917304993
1276,21.281,0.007125450038115095,94.4168909685771,0.6336447498064011,0.011058961740017016,4.0487678470110495,80.30866863561673,0.7305980920791626
1277,21.298,0.0040583325847577565,77.56172417601799,0.09765135466268088,0.001704336832779362,2.838120137589101,85.54645203008151,0.7010801434516907
1278,21.315,0.003991221713837219,71.97226390423343,0.12080536075904079,0.0021084497370949537,4.010069972191559,85.94182680063365,0.6649253964424133
1279,21.331,0.00980097843697515,51.5677927944965,0.4130728870177474,0.007209419475245128,2.728610137280583,85.58667260052174,0.6278684139251709
1280,21.348,0.013835127117254379,37.1562037825146,0.4829795614252342,0.008429483735674887,3.348350037116546,91.20886806424537,0.6239399313926697
1281,21.365,0.016880129017757095,62.88725394307896,1.157083377880657,0.020193541994688986,2.3191081853671847,90.74581272797559,0.5883275270462036
1282,21.381,0.03024338396039194,84.37837399990583,1.0811432459470491,0.018868389572915735,0.4316583700760077,99.45061287892848,0.5799678564071655
1283,21.398,0.03484277370101811,121.92060949839474,1.2771646663728635,0.02228888260738403,0.08603142995076496,96.80648255850382,0.5540806651115417
1284,21.415,,,,,,,0.5225727558135986
1285,21.431,,,,,,,0.4900090992450714
1286,21.448,,,,,,,0.46681931614875793
1287,21.465,,,,,,,0.4469737708568573
1288,21.481,,,,,,,0.43530774116516113
1289,21.498,,,,,,,0.43655920028686523
1290,21.515,,,,,,,0.4368349313735962
1291,21.531,,,,,,,0.4316818416118622
1292,21.548,,,,,,,0.4341212511062622
1293,21.565,,,,,,,0.4420875608921051
1294,21.582,,,,,,,0.46528175473213196
1295,21.598,,,,,,,0.46430036425590515
1296,21.615,,,,,,,0.47362980246543884
1297,21.632,,,,,,,0.48290741443634033
1298,21.648,,,,,,,0.47465869784355164
1299,21.665,,,,,,,0.47735172510147095
1300,21.682,,,,,,,0.4856416881084442
1301,21.698,,,,,,,0.4795115888118744
1302,21.715,,,,,,,0.4844432771205902
1303,21.732,,,,,,,0.5053461790084839
1304,21.748,,,,,,,0.49668797850608826
1305,21.765,,,,,,,0.5107591152191162
1306,21.782,,,,,,,0.5115191340446472
1307,21.798,,,,,,,0.5282015204429626
1308,21.815,,,,,,,0.5335966944694519
1309,21.832,,,,,,,0.5299177169799805
1310,21.848,,,,,,,0.5335278511047363
1311,21.865,,,,,,,0.5103449821472168
1312,21.882,,,,,,,0.5167694687843323
1313,21.898,,,,,,,0.5301295518875122
1314,21.915,,,,,,,0.5292400121688843
1315,21.932,,,,,,,0.5295935273170471
1316,21.948,0.14164048606364635,50.87658205099489,2.039223244455985,0.035583646205993184,-159.72698025696644,102.03343581118926,0.5624058246612549
1317,21.965,0.14744144917584004,111.76306503478261,2.346162020905636,0.040936809615345744,3.532595270911173,103.84780534929449,0.5718863606452942
1318,21.982,0.1408019444705236,125.29211410002226,2.8492957405424137,0.04970909742177744,2.5650831218526093,103.42208934232183,0.5771388411521912
1319,21.998,0.13757460023362794,136.9083668370383,2.847508909108378,0.04967794986006756,3.728786449929032,103.65279239804583,0.5883890986442566
1320,22.015,0.13737679022232335,116.70961146605663,3.0779151287653272,0.05369391930487727,1.3115925835703592,102.69694169731878,0.607796847820282
1321,22.032,0.1397113524787378,84.23873258595927,2.4265445363649576,0.04233853239293232,0.18718140689918528,90.36450861048536,0.6043692231178284
1322,22.049,0.2598895098843358,130.19384615167777,1.812508422691166,0.031628963763692716,5.45004474057464,85.97752920564136,0.640022873878479
1323,22.065,0.23798956446248648,73.84348895549782,1.255333549332,0.021907950784148186,14.129170257414131,83.7177519813758,0.6726462841033936
1324,22.082,0.23529121743132264,96.65501353996147,1.5135370890224218,0.02641313338690519,8.364550172255178,82.6397280580132,0.6934536099433899
1325,22.099,0.11749189044887526,119.34796134490068,1.8894056551331544,0.032970373281249396,11.213364139198774,93.83593016201628,0.705531895160675
1326,22.115,0.13508312344314255,114.29500058951199,2.1517532172272604,0.03754635103663734,0.9694977014673043,93.84745027835072,0.7197286486625671
1327,22.132,0.1434107817265039,114.71309666428029,2.347461021412086,0.0409594624356949,6.041307286714954,92.9785769302304,0.7301032543182373
1328,22.149,0.147340125424418,113.01237339903146,1.9294001945170671,0.033668022085346944,7.4009328247906865,95.07418837764459,0.7400423288345337
1329,22.165,0.15475107950289677,125.31744000386323,1.64987693481177,0.028791805366052487,5.415970019067629,97.0383622569024,0.7524205446243286
1330,22.182,0.15509145288346848,123.91169485483537,1.4049512814371905,0.02451856842848293,7.519941626335594,96.85625834868708,0.7593211531639099
1331,22.199,0.15692432625209968,134.60682719063954,1.2964494295680367,0.022625380335177667,-167.77439736846173,93.03389864389003,0.7803846001625061
1332,22.215,0.1565376724037555,138.62272013929004,0.9677543592404235,0.016889696818459154,-167.33808433924753,86.77127378586722,0.7956804037094116
1333,22.232,0.16799866583887588,143.4420591659432,1.17179507972781,0.02045025660441566,-169.3197218729481,84.95811375900301,0.8123820424079895
1334,22.249,0.17333538791401365,143.37707755979451,1.3227201489148543,0.023083771117702618,-168.96030812923163,82.26457786805476,0.8264888525009155
1335,22.265,0.17627169952272623,143.97518636872522,1.2238862326837383,0.02135922002600165,-169.03180171569306,84.49315197607488,0.8394320607185364
1336,22.282,0.17695652867854297,144.48923019922512,1.1988110735048323,0.020921673747912213,-169.0528531929881,85.14071282222356,0.8512779474258423
1337,22.299,0.18602396690971415,149.72981161867202,1.575110630642204,0.02748740402530577,2.2695296118188253,82.45660559105848,0.8634110689163208
1338,22.315,0.19162667606446374,151.88140697355178,1.1434584407173762,0.019955789901978577,3.8442114730007404,84.31382459197101,0.8746635317802429
1339,22.332,0.20168334912692878,161.13232526993258,1.8253416637114495,0.03185283321492861,1.3974598624126884,84.516392380284,0.8843269348144531
1340,22.349,0.19347654252854382,161.29351324741563,2.5973624941905005,0.04531700230871648,-176.09227363858423,83.37962007970285,0.8925825953483582
1341,22.365,0.17534833736493674,145.9282050806412,2.6643452377718417,0.046484839456946724,2.5613475581410228,73.3186289557725,0.8990519046783447
1342,22.382,0.15227402909104304,167.99295685149315,2.7852684034048747,0.048592960278936545,3.9825043934632163,68.49133601100021,0.9046932458877563
1343,22.399,0.07797498129674849,116.32629432075285,2.9587803017505103,0.05161750924952703,2.9175205212493722,60.99190246922709,0.9005510210990906
1344,22.415,0.059916936881609616,68.28796603222045,2.8963690775787967,0.050529649580353435,4.035028443711582,61.461140028397786,0.8751986622810364
1345,22.432,0.054829700325618395,24.979524852484257,4.149395000720327,0.07235731673854985,1.5387115401524056,77.42923312500054,0.830646276473999
1346,22.449,0.002167083079048188,31.874802532101405,4.527265661634191,0.07893349542880183,-175.17199904857432,77.87299949452382,0.8085364699363708
1347,22.465,0.04270316670958984,23.00322460408027,4.8869068735529675,0.08518923790942026,-173.59903930756565,83.59629519933287,0.7816422581672668
1348,22.482,0.030909607165159513,28.333073696075736,5.0211718337712785,0.08752384886864865,-173.3275862634947,62.61237023432731,0.7594618797302246
1349,22.499,0.08712008454159723,164.52865979796178,5.8812485519909385,0.10246699041371897,-173.66742946142676,87.7507843784596,0.7793395519256592
1350,22.516,0.08832188573856875,172.5638964626637,5.904638213449895,0.10287305972839979,-175.21332444821542,86.83529430577607,0.7949247360229492
1351,22.532,0.10797913650203023,178.52473375627028,5.6733950008781235,0.09885769014114326,-174.41196807657627,92.34874143230245,0.8135928511619568
1352,22.549,0.11124216607430781,179.77469733091485,5.419293745526637,0.09444355289972106,-174.3076995176366,96.10246778058016,0.8299733996391296
1353,22.566,0.10233322913150115,179.59973708647726,7.0950332550116695,0.1235154549370873,-172.7204278078841,90.71413246339854,0.8452178239822388
1354,22.582,0.10019958594344117,174.95600781142488,7.812578644506978,0.13593307671643243,-168.7168975696046,89.40243862310643,0.8589921593666077
1355,22.599,0.09748021864180607,177.9680195930839,9.107552125010976,0.15828821634800108,-157.6506307168686,86.9642247926035,0.8716884851455688
1356,22.616,0.09452726058383566,175.98679519293455,8.948649894706532,0.15554920798297112,-156.17844897127452,87.82287687993971,0.8831139802932739
1357,22.632,0.0874473744675383,171.48172546622934,9.962650741500756,0.1730061766167148,-150.50874242316024,82.73741432094675,0.8924211859703064
1358,22.649,0.08021465930247268,178.52353419873324,10.105564829065775,0.1754623447319281,-149.38782818513948,82.42739356440113,0.900940477848053
1359,22.666,0.07755763280967207,174.79942077720753,10.536118602540398,0.18285532186308595,-148.9413856801034,81.35571314579032,0.9081310629844666
1360,22.682,0.07243591603754926,175.24311528619933,10.74799789693109,0.1864897058451995,-149.09112513817303,81.60762208023533,0.9148136377334595
1361,22.699,0.055162630029267586,175.4668838803366,11.173445103687259,0.19377968672308923,-148.02789708443788,80.29810851193828,0.9214210510253906
1362,22.716,0.050453906993632704,163.50650320622378,10.756900119782184,0.18664235096956946,-147.79952863019844,81.11516799882565,0.9267562031745911
1363,22.732,0.3232601743934561,146.10138660616732,10.76854303018568,0.18684198346547334,-145.77271555626515,110.76356210188787,0.9257935285568237
1364,22.749,0.2779241157300944,168.59159603801012,10.129376727072014,0.17587147809129286,-147.254034928112,103.6574332776762,0.9260162711143494
1365,22.766,0.5418051788482308,72.27594916241566,8.972290972560488,0.15595678709179492,-148.39228548439212,108.16530462914803,0.916871964931488
1366,22.782,0.4988904687626595,68.68906361438422,8.76264710687966,0.1523415471317229,-147.09467495066917,112.8191884386157,0.9111010432243347
1367,22.799,0.3810080629055401,165.9115824706358,7.196293899384795,0.12526905969397245,-144.12872156619494,114.6549397372742,0.9067596197128296
1368,22.816,0.13636743851030164,76.62209061885805,6.273076512206048,0.10926723325314801,-146.35654047773664,117.00997285484706,0.8928120136260986
1369,22.832,0.08325177974586943,74.44962889939359,4.502746400382081,0.07850688160324631,-150.93584136418036,111.23681816545721,0.8655186295509338
1370,22.849,0.02782218757019239,99.90993928848378,2.9207930054040547,0.05095537838939026,-158.75984310028423,86.43477788258478,0.8357397317886353
1371,22.866,0.09940624067864606,99.77936578727767,2.7433710861899767,0.04786256506618213,-159.8672424764257,83.63021805964317,0.8009364008903503
1372,22.882,0.11312151859120358,91.9824690123271,2.0104270389953145,0.03508137142422895,2.726892740896858,93.27634582208911,0.7655537128448486
1373,22.899,0.10318807304418132,102.65763110455394,0.14261517790358497,0.002489101847469669,0.7130148923617412,101.28993328591187,0.7596474289894104
1374,22.916,0.1174817437593842,124.36642014621721,0.11926975318253505,0.002081648387686005,2.1764730932968064,84.88191177396781,0.736836314201355
1375,22.932,0.12088542831011061,127.04499046127485,1.3962305092206362,0.024366407713596723,2.9080180353728906,79.29151351057455,0.7119207978248596
1376,22.949,0.12308986700652548,116.3795597566727,1.8615674340409747,0.03248476494522431,1.9463116755962346,78.71376095209014,0.6891189813613892
1377,22.966,0.11390595561538819,129.61887829152212,1.3339068153890055,0.023278962812897496,10.682183862806767,94.0094175387109,0.6864864826202393
1378,22.982,0.13302087924486358,129.23950335047735,0.3839265765318061,0.006700732701762878,-172.02233320815253,83.00591371440687,0.6634089350700378
1379,22.999,0.10145465664394697,126.1766989695858,0.8343141846782721,0.014561014924239798,-176.10087491024035,81.30448538538924,0.6391025185585022
1380,23.016,0.08375232377096459,125.46388017519605,0.24220666802509874,0.0042272912369453975,-173.7239990911129,77.05569417008766,0.6247673034667969
1381,23.033,0.2923888256487939,140.601104561218,0.9989415898099188,0.01743393650514142,0.2906952334638788,83.93457867689715,0.6544650197029114
1382,23.049,0.2683778447888833,91.7468068970029,1.3014041823610005,0.022711834863434345,0.3371115558452402,153.7972023608299,0.6269391179084778
1383,23.066,0.21460053908028198,103.28170063658655,1.291875770932648,0.022545575295366917,0.26143490496295385,98.75320774715192,0.6051102876663208
1384,23.083,0.2762337962948419,136.84816178482782,1.769346032543338,0.030876005943688112,-173.31164691700405,87.04498312424847,0.6364129781723022
1385,23.099,0.2088969712466291,156.6295049039971,1.791863985187606,0.031268828584003275,-162.75147220080657,98.67762045780164,0.6677435040473938
1386,23.116,0.20354274674610745,149.66237833367794,2.195307290636995,0.038305966099158636,-160.9436799740323,98.62691400441008,0.6954838633537292
1387,23.133,0.3431852897289649,164.59811068145115,1.9275722581555548,0.03363613664720267,-160.4423162573654,111.3655895117148,0.7216664552688599
1388,23.149,0.5530054705187829,107.86218144637189,3.1080462124212067,0.054219039850496,-164.49082054762516,149.22486183876066,0.732981264591217
1389,23.166,0.27318210221821065,168.4967222809112,4.031765844319147,0.07030953103218715,-156.60637873611313,137.83719811314728,0.7578423023223877
1390,23.183,0.5749948771508041,178.522759046563,4.2874371996133585,0.07476007998962655,21.050501944362082,141.1604431996738,0.7785797715187073
1391,23.199,0.5771990238220722,160.855820849882,4.054429562372892,0.0707041031079265,-158.95019088619983,100.40896595894166,0.7968149781227112
1392,23.216,0.2730839098711414,160.50231693132812,3.810779465620247,0.06646162276714314,-165.83890366058029,117.02109423525444,0.8114646077156067
1393,23.233,0.23188462237534918,176.28138975500485,3.69814951196698,0.06450007842986544,-159.41960106442957,131.58426161099064,0.8296903967857361
1394,23.249,0.15716602163498605,177.84501705152232,3.5786926949825664,0.06241936639414324,-158.50303186345207,127.76162100589559,0.8457909226417542
1395,23.266,0.5713823358650074,167.19116251406086,6.02860246875866,0.10502492276684133,-150.37057164010088,125.82465198292707,0.853214681148529
1396,23.283,0.04243533038233598,178.0986491322913,5.587185782244079,0.09736031442295755,-145.69190123700912,135.8691659783648,0.8611299395561218
1397,23.299,0.25391567429664674,166.08792809004888,7.160671761408874,0.12465220936587672,78.37906981484383,151.7330087617423,0.8721318244934082
1398,23.316,0.08893019726087935,168.51481487126526,5.820228646629183,0.10140753996531737,10.117961067223822,129.69806874099115,0.8802589178085327
1399,23.333,0.036122782611217624,172.03975016263752,5.325345395650482,0.09281104777375077,9.42983908330896,122.74030569714785,0.8916115164756775
1400,23.349,0.13599690892883587,170.3334801474326,4.599923803346347,0.08019759873001588,4.855406964909174,134.92519667980022,0.8997513651847839
1401,23.366,0.034619315788003924,170.42024999787802,4.265788397799269,0.07438328916580303,9.037012050297143,142.1644437820429,0.9085407853126526
1402,23.383,0.08096973855203973,179.60781507224695,2.862997275089813,0.049947937252889416,0.331197420484,140.06715142237368,0.9133667945861816
1403,23.399,0.04497662623558721,163.96467451027036,1.6877483394686512,0.02945250570931014,14.077852773410806,135.51691555535254,0.9212698936462402
1404,23.416,0.07954994215294282,161.41570435026378,2.038535866614171,0.03557165679457373,31.955937510596197,137.6139887995525,0.9169876575469971
1405,23.433,0.014518579877568123,178.9329923820665,0.26197670709159404,0.004572340170349414,6.009165290274437,145.0854789877301,0.9132870435714722
1406,23.449,0.007585904116841393,175.98197417168186,0.23332269501550124,0.004072237992492979,6.325370428009537,153.85956387145367,0.9043423533439636
1407,23.466,0.004438587532369533,177.95950683249094,0.5278939001603391,0.009213356306619565,2.12906911923741,144.00882355721433,0.9003499150276184
1408,23.483,0.013702533393902629,179.36753141666617,0.3258129552650835,0.005686478168224226,4.709506685743908,148.35132234570384,0.8935903906822205
1409,23.5,0.06991399354705666,175.6476684666601,0.2824994608790059,0.004930525750313023,3.013981267261939,133.67156746943772,0.8801256418228149
1410,23.516,0.060251486616198,176.94117725440123,0.8514650803854573,0.01486032213201695,9.024845502633882,142.78989824232028,0.8650519251823425
1411,23.533,0.11045683481217904,178.19744717809252,0.11080973342240652,0.001933993485846934,32.804297349180224,150.91769062084973,0.8452875018119812
1412,23.55,0.11578954664203686,179.21105587024675,0.5302059865335681,0.009253708106150943,34.05338307637118,140.16576988573638,0.8362022638320923
1413,23.566,0.07834019699101093,171.80295692301505,1.420678275650439,0.024792972813859494,8.839473488463035,143.29074801273623,0.8211706876754761
1414,23.583,0.030451796990493808,168.07517104507798,1.077721712017424,0.018808683137826614,2.643039559689141,145.24072291964012,0.8000496625900269
1415,23.6,0.15350199559179642,165.4596637429839,3.6181214202729217,0.06310617072914655,3.8672391220510205,134.43197754496367,0.7988253831863403
1416,23.616,0.10011209593975827,171.40381445087533,3.6715364939641546,0.06403655389643434,5.208048110541192,118.56421958596593,0.8018812537193298
1417,23.633,0.05744331346665723,168.48761267036934,2.970646969884092,0.05182434447532286,0.8322989225922148,129.22790703564746,0.8097954988479614
1418,23.65,0.06882772074654994,177.37024456180387,2.3512948145847203,0.04102631850545002,2.8067432677386224,151.2939172284624,0.8183283805847168
1419,23.666,0.1321556967177846,174.2404560624933,2.2929134711635544,0.0400082086050214,5.403624050894291,126.22494591706737,0.8243314623832703
1420,23.683,0.16336330376984443,171.4625814416508,2.665777349363669,0.04650980748518326,6.254524901411684,121.47059567079147,0.830464243888855
1421,23.7,0.21386536409946624,163.80151652124405,2.2813878226583046,0.03980720834100006,3.7346456824833894,117.29199793735839,0.8336085081100464
