frame_index,timestamp_seconds,supporting_hip_offset_ratio,working_leg_straightness_degrees,torso_lean_degrees,shoulder_hip_offset_ratio,shoulder_hip_line_difference_degrees,standing_foot_line_degrees,confidence
0,0.0,,,,,,,
1,0.017,,,,,,,
2,0.033,,,,,,,
3,0.05,,,,,,,
4,0.067,,,,,,,
5,0.083,,,,,,,
6,0.1,,,,,,,
7,0.117,,,,,,,
8,0.133,,,,,,,
9,0.15,,,,,,,
10,0.167,,,,,,,
11,0.183,,,,,,,
12,0.2,,,,,,,
13,0.217,,,,,,,
14,0.233,,,,,,,
15,0.25,,,,,,,
16,0.267,,,,,,,
17,0.283,,,,,,,
18,0.3,,,,,,,
19,0.317,,,,,,,
20,0.333,,,,,,,
21,0.35,,,,,,,
22,0.367,,,,,,,
23,0.383,,,,,,,
24,0.4,,,,,,,
25,0.417,,,,,,,
26,0.433,,,,,,,
27,0.45,,,,,,,
28,0.467,,,,,,,
29,0.483,,,,,,,
30,0.5,,,,,,,
31,0.517,,,,,,,
32,0.533,,,,,,,
33,0.55,,,,,,,
34,0.567,,,,,,,
35,0.583,,,,,,,
36,0.6,,,,,,,
37,0.617,,,,,,,
38,0.633,,,,,,,
39,0.65,,,,,,,
40,0.667,,,,,,,
41,0.683,,,,,,,
42,0.7,,,,,,,
43,0.717,,,,,,,
44,0.733,,,,,,,
45,0.75,,,,,,,
46,0.767,,,,,,,
47,0.783,,,,,,,
48,0.8,,,,,,,
49,0.817,,,,,,,
50,0.833,,,,,,,
51,0.85,,,,,,,
52,0.867,,,,,,,
53,0.883,,,,,,,
54,0.9,,,,,,,
55,0.917,,,,,,,
56,0.933,,,,,,,
57,0.95,,,,,,,
58,0.967,,,,,,,
59,0.983,,,,,,,
60,1.0,,,,,,,
61,1.017,,,,,,,
62,1.033,,,,,,,
63,1.05,,,,,,,
64,1.067,,,,,,,
65,1.083,,,,,,,
66,1.1,,,,,,,
67,1.117,,,,,,,
68,1.133,,,,,,,
69,1.15,,,,,,,
70,1.167,,,,,,,
71,1.183,,,,,,,
72,1.2,,,,,,,
73,1.217,,,,,,,
74,1.233,,,,,,,
75,1.25,,,,,,,
76,1.267,,,,,,,
77,1.283,,,,,,,
78,1.3,,,,,,,
79,1.317,,,,,,,
80,1.333,,,,,,,
81,1.35,,,,,,,
82,1.367,,,,,,,
83,1.383,,,,,,,
84,1.4,,,,,,,
85,1.417,,,,,,,
86,1.433,,,,,,,
87,1.45,,,,,,,
88,1.467,,,,,,,
89,1.483,,,,,,,
90,1.5,,,,,,,
91,1.517,,,,,,,
92,1.533,,,,,,,
93,1.55,,,,,,,
94,1.567,,,,,,,
95,1.583,,,,,,,
96,1.6,,,,,,,
97,1.617,,,,,,,
98,1.633,,,,,,,
99,1.65,,,,,,,
100,1.667,,,,,,,
101,1.683,,,,,,,
102,1.7,,,,,,,
103,1.717,,,,,,,
104,1.733,,,,,,,
105,1.75,,,,,,,
106,1.767,,,,,,,
107,1.783,,,,,,,
108,1.8,,,,,,,
109,1.817,,,,,,,
110,1.833,,,,,,,
111,1.85,,,,,,,
112,1.867,,,,,,,
113,1.883,,,,,,,
114,1.9,,,,,,,
115,1.917,,,,,,,
116,1.933,,,,,,,
117,1.95,,,,,,,
118,1.967,,,,,,,
119,1.983,,,,,,,
120,2.0,,,,,,,
121,2.017,,,,,,,
122,2.033,,,,,,,
123,2.05,,,,,,,
124,2.067,,,,,,,
125,2.083,,,,,,,
126,2.1,,,,,,,
127,2.117,,,,,,,
128,2.133,,,,,,,
129,2.15,,,,,,,
130,2.167,,,,,,,
131,2.183,,,,,,,
132,2.2,,,,,,,
133,2.217,,,,,,,
134,2.233,,,,,,,
135,2.25,,,,,,,
136,2.267,,,,,,,
137,2.283,,,,,,,
138,2.3,,,,,,,
139,2.317,,,,,,,
140,2.333,,,,,,,
141,2.35,,,,,,,
142,2.367,,,,,,,
143,2.383,,,,,,,
144,2.4,,,,,,,
145,2.417,,,,,,,
146,2.433,,,,,,,
147,2.45,,,,,,,
148,2.467,,,,,,,
149,2.483,,,,,,,
150,2.5,,,,,,,
151,2.517,,,,,,,
152,2.533,,,,,,,
153,2.55,,,,,,,
154,2.567,,,,,,,
155,2.583,,,,,,,
156,2.6,,,,,,,
157,2.617,,,,,,,
158,2.633,,,,,,,
159,2.65,,,,,,,
160,2.667,,,,,,,
161,2.683,,,,,,,
162,2.7,,,,,,,
163,2.717,,,,,,,
164,2.733,,,,,,,
165,2.75,,,,,,,
166,2.767,,,,,,,
167,2.783,,,,,,,
168,2.8,,,,,,,
169,2.817,,,,,,,
170,2.833,,,,,,,
171,2.85,,,,,,,
172,2.867,,,,,,,
173,2.883,,,,,,,
174,2.9,,,,,,,
175,2.917,,,,,,,
176,2.933,,,,,,,
177,2.95,,,,,,,
178,2.967,,,,,,,
179,2.983,,,,,,,
180,3.0,,,,,,,
181,3.017,,,,,,,
182,3.033,,,,,,,
183,3.05,,,,,,,
184,3.067,,,,,,,
185,3.083,,,,,,,
186,3.1,,,,,,,
187,3.117,,,,,,,
188,3.133,,,,,,,
189,3.15,,,,,,,
190,3.167,,,,,,,
191,3.183,,,,,,,
192,3.2,,,,,,,
193,3.217,,,,,,,
194,3.233,,,,,,,
195,3.25,,,,,,,
196,3.267,,,,,,,
197,3.283,,,,,,,
198,3.3,,,,,,,
199,3.317,,,,,,,
200,3.333,,,,,,,
201,3.35,,,,,,,
202,3.367,,,,,,,
203,3.383,,,,,,,
204,3.4,,,,,,,
205,3.417,,,,,,,
206,3.433,,,,,,,
207,3.45,,,,,,,
208,3.467,,,,,,,
209,3.483,,,,,,,
210,3.5,,,,,,,
211,3.517,,,,,,,
212,3.533,,,,,,,
213,3.55,,,,,,,
214,3.567,,,,,,,
215,3.583,,,,,,,
216,3.6,,,,,,,
217,3.617,,,,,,,
218,3.633,,,,,,,
219,3.65,,,,,,,
220,3.667,,,,,,,
221,3.683,,,,,,,
222,3.7,,,,,,,
223,3.717,,,,,,,
224,3.733,,,,,,,
225,3.75,,,,,,,
226,3.767,,,,,,,
227,3.783,,,,,,,
228,3.8,,,,,,,
229,3.817,,,,,,,
230,3.833,,,,,,,
231,3.85,,,,,,,
232,3.867,,,,,,,
233,3.883,,,,,,,
234,3.9,,,,,,,
235,3.917,,,,,,,
236,3.933,,,,,,,
237,3.95,,,,,,,
238,3.967,,,,,,,
239,3.983,,,,,,,
240,4.0,,,,,,,
241,4.017,,,,,,,
242,4.033,,,,,,,
243,4.05,,,,,,,
244,4.067,,,,,,,
245,4.083,,,,,,,
246,4.1,,,,,,,
247,4.117,,,,,,,
248,4.133,,,,,,,
249,4.15,,,,,,,
250,4.167,,,,,,,
251,4.183,,,,,,,
252,4.2,,,,,,,
253,4.217,,,,,,,
254,4.233,,,,,,,
255,4.25,,,,,,,
256,4.267,,,,,,,
257,4.283,,,,,,,
258,4.3,,,,,,,
259,4.317,,,,,,,
260,4.333,,,,,,,
261,4.35,,,,,,,
262,4.367,,,,,,,
263,4.383,,,,,,,
264,4.4,,,,,,,
265,4.417,,,,,,,
266,4.433,,,,,,,
267,4.45,,,,,,,
268,4.467,,,,,,,
269,4.483,,,,,,,
270,4.5,,,,,,,
271,4.517,,,,,,,
272,4.533,,,,,,,
273,4.55,,,,,,,
274,4.567,,,,,,,
275,4.583,,,,,,,
276,4.6,,,,,,,
277,4.617,,,,,,,
278,4.633,,,,,,,
279,4.65,,,,,,,
280,4.667,,,,,,,
281,4.683,,,,,,,
282,4.7,,,,,,,
283,4.717,,,,,,,
284,4.733,,,,,,,
285,4.75,,,,,,,
286,4.767,,,,,,,
287,4.783,,,,,,,
288,4.8,,,,,,,
289,4.817,,,,,,,
290,4.833,,,,,,,
291,4.85,,,,,,,
292,4.867,,,,,,,
293,4.883,,,,,,,
294,4.9,,,,,,,
295,4.917,,,,,,,
296,4.933,,,,,,,
297,4.95,,,,,,,
298,4.967,,,,,,,
299,4.983,,,,,,,
300,5.0,,,,,,,
301,5.017,,,,,,,
302,5.033,,,,,,,
303,5.05,0.01837838318168776,175.66086364237637,2.771699933236219,0.04835642419706387,3.7074360951140477,110.76343366091386,0.5752001404762268
304,5.067,0.015860473615299697,178.27670905928144,2.856814920682142,0.04984016920375355,3.671319953339605,102.50370809024972,0.5861731767654419
305,5.083,0.009355979119545152,179.15395958087637,2.9590569069902792,0.051622330485452325,3.007946189475888,102.79158894977597,0.5952746868133545
306,5.1,0.006117972001026518,179.25679869902748,2.9969846191450094,0.05228339997165752,2.8431593407621563,100.87043916152518,0.6232572197914124
307,5.117,0.0009020141833004619,178.6219376331943,3.03514640567277,0.05294852618567313,2.321835445084787,101.14740411892262,0.6478855609893799
308,5.133,0.0009471558070672959,177.93988117647027,3.047447846215383,0.05316292443102324,2.467213797852395,102.64540416787503,0.6698453426361084
309,5.15,0.0012356860813321966,177.87797629071534,3.049325290629246,0.05319564565079886,2.6803104399332653,103.3514814003838,0.6865127682685852
310,5.167,0.00140712428524439,177.18075998364418,3.0300199790835216,0.052859178459926465,2.381418128125148,104.04728833087785,0.7040266990661621
311,5.183,0.0007511605161810559,177.25120289579044,2.95091766384916,0.05148046278071519,1.9589875946919904,105.07050254218902,0.7181699872016907
312,5.2,0.0004951140157044553,177.33257941303987,2.9112270036508026,0.05078863634339802,1.7541290607852886,106.01352477568666,0.7259171605110168
313,5.217,0.0004983704141898975,177.41807287962567,2.8142892243527737,0.04909886454418064,1.9889527427142752,106.74311231773241,0.7411379218101501
314,5.233,0.009087047372941632,177.775307589826,2.7367199558648734,0.04774661366125401,2.3022799966589105,106.81856526140149,0.7519673109054565
315,5.25,0.011345101318579884,177.59491909085207,2.638578033927537,0.04603559837725309,-177.57950684961156,106.41429917713525,0.7673286199569702
316,5.267,0.026222464781583986,179.18347441771945,2.500576583473783,0.04362944106514453,-177.71732983432918,106.34520605913208,0.782780110836029
317,5.283,0.04114927708609768,179.30215693443475,2.4378576953579696,0.0425358063888616,-178.01392446209093,105.42605338351643,0.7972961068153381
318,5.3,0.04037274117104062,178.41489405938532,2.372440927307809,0.04139507426203068,-178.06424592891494,105.62995478583501,0.8060128092765808
319,5.317,0.050205312052131815,179.51235789892647,2.306392108350323,0.040243265743468905,-177.90363881917563,103.97955393433776,0.8159085512161255
320,5.333,0.04851354012705597,179.8548794343008,2.277884040618361,0.03974610420452104,-177.93271428368905,105.91587012805721,0.8221028447151184
321,5.35,0.04653894092449535,179.73729723238512,2.2524213949258156,0.03930204445600175,-177.92773587955367,107.11856726892401,0.8284950256347656
322,5.367,0.04643059886351375,179.4554564359232,2.224362784216315,0.038812702988002344,-177.87626556416546,107.79239186148985,0.8336948156356812
323,5.383,0.04903069180689123,178.5724496442741,2.1608336439172375,0.03770472215903648,1.614391675486985,112.20643467491978,0.8402000665664673
324,5.4,0.050552762059728015,178.26180191249165,2.1123143674990503,0.036858489770902746,1.9213448838584952,113.93901427729448,0.8461101651191711
325,5.417,0.05112900804826346,177.96218137455804,2.0403739486330825,0.035603717056523924,1.5315957751592464,115.27972391393492,0.8516022562980652
326,5.433,0.05085698939387496,178.0473947707912,1.9730370411156959,0.034429187119056515,1.807083674212322,115.91128927094493,0.857116162776947
327,5.45,0.05054895339780858,178.19025599223218,1.9276070887077197,0.033636744211024375,2.060641771359542,116.23187205146692,0.8620882034301758
328,5.467,0.04970879593905336,178.31463410091695,1.8836155272304274,0.03286937125865602,1.4086836009977617,116.61217728856188,0.8652960062026978
329,5.483,0.05503760050249763,178.4102343245834,1.824752702177912,0.03184255911135482,1.277849984928821,114.80753620015797,0.8693796992301941
330,5.5,0.058532251503540744,178.5478196533504,1.7746367663428613,0.030968302510585653,1.1844837210094852,113.43972553060404,0.8738958239555359
331,5.517,0.06201527219915151,178.89017952683304,1.7342854186063847,0.030264368801337833,0.9908178033666104,111.79251758794189,0.878311038017273
332,5.533,0.06443975692654336,179.6198666566247,1.705736366043678,0.029766318344689013,1.4205973731554593,110.43971127706217,0.8826554417610168
333,5.55,0.06658027318775311,179.95250363141156,1.6654188313687597,0.02906294911527848,1.0623365489469734,109.50165747315154,0.8861628174781799
334,5.567,0.0676119422811528,179.65102522611517,1.6371778275832187,0.028570255313265708,1.3688460961302837,112.10295277924398,0.8900287747383118
335,5.583,0.06880395210941223,179.47236148247887,1.6136404154213413,0.028159615270525254,1.330716668988316,113.94204836169351,0.8936107754707336
336,5.6,0.07035646441597292,179.26899588557345,1.588273263129661,0.027717047769098356,1.6494684936576505,114.52397404794422,0.8969988822937012
337,5.617,0.07084674316279642,179.1728255416699,1.5673486614005239,0.027351983041855987,1.888170036602986,114.91081196905051,0.8998928666114807
338,5.633,0.074962784077651,179.16207558900928,1.5442857183003467,0.026949607143178126,2.122794447356199,113.75524092812637,0.9022536873817444
339,5.65,0.07477065318490646,179.16197279243454,1.5312930537360219,0.026722924039429358,2.3199113681454833,114.44433700954139,0.9043349623680115
340,5.667,0.07395531209486826,179.23837088251793,1.5144525529925073,0.02642910566951586,2.501098848835113,114.66641790747222,0.905578076839447
341,5.683,0.07335390437831457,179.23714082208514,1.5075186755453778,0.02630812875801629,2.5943251667862057,114.77593968082856,0.9068905115127563
342,5.7,0.07285461041822754,179.119434188023,1.4837134467604902,0.025892790683054872,2.1418220498998153,115.48785841277258,0.9083681106567383
343,5.717,0.07255314190683348,179.11798042869407,1.4788954357181419,0.025808728628807367,2.1489847874772465,115.61652458470748,0.910502552986145
344,5.733,0.0726166117829685,178.95520804251436,1.4659175521939165,0.025582296620818967,1.8323200392717638,116.08641023241965,0.9127258658409119
345,5.75,0.07229826325776008,178.95869432820842,1.4748591704516214,0.025738305912093418,1.910431748974304,116.04793305150028,0.9149554371833801
346,5.767,0.07196417381930907,178.88883629301026,1.4845863985248522,0.025908021454345193,1.663253782926148,116.50076701776621,0.9155413508415222
347,5.783,0.0716492691426466,178.79829598636366,1.5081821405353353,0.02631970439686558,1.5445319783966909,116.74631313319519,0.9150529503822327
348,5.8,0.070969455348283,178.67222793107175,1.5355913648088189,0.026797916853545583,1.5693028859044205,115.76376003949295,0.9155318737030029
349,5.817,0.07072409343302115,178.4814699333507,1.5354985054037629,0.026796296733191383,1.5981777801519854,116.55599055037239,0.9167019724845886
350,5.833,0.07034175455419193,178.305023963988,1.5476295593536202,0.0270079469361779,1.5233396447547705,116.89783556241468,0.9182342290878296
351,5.85,0.07019269100309984,178.18816066378287,1.5122526668224414,0.026390723805048043,1.4356843645507809,114.30018293274354,0.9183480143547058
352,5.867,0.0698179458817628,178.2429275502183,1.49922241681627,0.02616338156927396,1.707118441244944,114.47929691538523,0.9204458594322205
353,5.883,0.06969336014918615,178.19981307671367,1.4862021659708193,0.025936212439893882,1.7568872115219847,114.95836254142533,0.9224306344985962
354,5.9,0.0688478686313127,178.28004781015167,1.493154357919653,0.026057510070068304,2.1216251188488116,115.29804846621471,0.9250242114067078
355,5.917,0.06871932110575205,178.06018129157448,1.4706204459557146,0.02566435065155919,2.0396346631524125,113.66070437098591,0.9256781935691833
356,5.933,0.06768952620806351,178.32458190076824,1.473364617295393,0.02571222967144681,2.4292000231588133,114.00660289042823,0.9279374480247498
357,5.95,0.06758949412864886,178.01649502168448,1.4486328341064802,0.025280718952817936,2.357431486047261,112.99315838846447,0.9283021688461304
358,5.967,0.0675540570144597,178.25815665157745,1.4507185883796543,0.025317110580717606,2.7807172492766483,112.95249851755469,0.930542528629303
359,5.983,0.06754462909357864,177.99911984149782,1.4288651932332461,0.0249358173047061,2.7974258202731903,112.02885155653273,0.9304862022399902
360,6.0,0.06877730296615508,178.50836471668245,1.421387858114675,0.024805353555349154,3.099000601411035,116.60194685859929,0.931557297706604
361,6.017,0.06881182784252268,178.3442955726288,1.407339491297518,0.024560238001762037,3.1592438701403296,116.7903400909728,0.933258056640625
362,6.033,0.06966044494427184,178.68838060550314,1.4078698265448264,0.024569491304830497,3.4300305727899456,116.15456916670954,0.9344431161880493
363,6.05,0.06979982572252241,178.57972521040872,1.3834132731734488,0.024142770554276737,3.5171178003852788,115.93683834086244,0.9340996742248535
364,6.067,0.06867015811417522,178.67709457606065,1.3657310078599276,0.02383424561501165,3.754754369122253,110.81418327522336,0.9361080527305603
365,6.083,0.06848642630017146,178.6808826147838,1.3509585266223376,0.023576489632251747,4.036826795459206,110.86028949147175,0.9362204670906067
366,6.1,0.06724448668035658,178.85737831838185,1.3485087473771706,0.023533744781768978,4.206711332034985,107.85732663830737,0.9374093413352966
367,6.117,0.06711766121485682,178.70069174608793,1.325231852992377,0.02312759692030301,4.0598499234897645,106.99354595252319,0.9368627667427063
368,6.133,0.06619824442770612,178.8225055521799,1.3203574816431523,0.02304254576313537,4.281076607322149,105.54453682631818,0.9381840825080872
369,6.15,0.06575929208739774,178.9159286429807,1.3133678765223935,0.02292058635977723,4.462665925159428,105.25252238388182,0.9378650188446045
370,6.167,0.06545649414388548,179.11860756605225,1.310191554898119,0.022865163618127883,4.5818609878693906,104.62663672017025,0.938461184501648
371,6.183,0.06545113978964735,178.95334642306082,1.3012628836342048,0.02270936937148412,4.699365820596398,104.87494974812442,0.9383663535118103
372,6.2,0.06488750377473734,179.20992082853292,1.2987262546450864,0.02266510823896679,4.83297736003189,104.39602297045246,0.9390196800231934
373,6.217,0.06491617385370384,179.03711979462327,1.2967252834437102,0.022630193660837482,4.981159274161797,104.54160056414212,0.9387571215629578
374,6.233,0.06493360979177251,179.1080852510634,1.2961262319984599,0.02261974091707965,5.0898582000677095,106.78761331662774,0.938874363899231
375,6.25,0.06492289842743613,178.96525612811206,1.294773898639378,0.022596144280037894,5.241143707129112,106.53270310482496,0.938840389251709
376,6.267,0.06495035045963843,178.993231996797,1.2930434816539527,0.022565950507114393,4.946704069264484,108.58053896671858,0.9388716220855713
377,6.283,0.06496544522886175,179.0278295322014,1.2927037663517806,0.022560022865995004,5.174594275151833,107.70011712673195,0.9390764236450195
378,6.3,0.06498602805938607,179.00682033921188,1.290226314382299,0.02251679415591277,4.867329189789928,109.86291451515076,0.939141571521759
379,6.317,0.06499356422042689,179.0463823512584,1.2897923247509355,0.022509221527694256,5.011850919023175,108.6185705136053,0.9395307898521423
380,6.333,0.06502797092181388,179.0812703079236,1.288965499602461,0.022494794360431405,5.09300194106379,107.92393190008055,0.9399440288543701
381,6.35,0.0651088429212654,179.04159391769807,1.2846707081862871,0.022419855013835175,4.9505862000490595,107.52899688971922,0.9402909874916077
382,6.367,0.06486242173425502,179.13088829107892,1.286287261513495,0.02244806209118356,5.10022560703689,106.8871938102325,0.9408693313598633
383,6.383,0.06505670420157328,178.9103930661197,1.2761398273435922,0.02227100023204153,4.944257770127848,106.88899106410993,0.9405941367149353
384,6.4,0.06471298952568051,179.02516810369107,1.2736681147829854,0.022227871388859555,5.120679238586092,106.4170241600156,0.9418013095855713
385,6.417,0.0648122843137497,179.01795689923,1.2639051629572904,0.022057517512517853,5.25010864840732,106.21542915575495,0.9422264695167542
386,6.433,0.0649372863084042,179.11014253943273,1.2572603320913733,0.021941571403719547,5.351130719480096,105.44831168053778,0.9437267184257507
387,6.45,0.0647980033311842,179.0180126081272,1.246649698581848,0.021756425121797613,5.4856422504927025,105.19324410402363,0.9444177746772766
388,6.467,0.06482283529620643,179.0965064030678,1.242415187944771,0.021682536403133765,5.606541097506351,104.80135534194355,0.9457060694694519
389,6.483,0.06495981045462822,179.17880563593064,1.2300919323019088,0.02146750508204769,5.721087460718394,104.68936780239036,0.946066677570343
390,6.5,0.0673626329545266,179.30286827380394,1.2246276258232427,0.02137215682354984,5.860257602021392,103.14291526668666,0.9469461441040039
391,6.517,0.06713101388377982,179.31798999914733,1.221762332724501,0.02132215942077953,5.9146630871251205,103.06565457370057,0.9470857977867126
392,6.533,0.06707535636813729,179.31970098162486,1.2168325786221752,0.021236138462261904,5.997666930217946,102.96549482164335,0.9474929571151733
393,6.55,0.06843797130304444,179.34589627006616,1.2209061467859301,0.02130721955200975,6.0300291375655775,101.91638009447014,0.9481363296508789
394,6.567,0.0676828203694978,179.45020821048882,1.224563176684506,0.021371032230792907,6.089063621352949,102.21902248149807,0.9484907984733582
395,6.583,0.06699386106426138,179.32774534342786,1.222508738904019,0.021335183702705564,6.145007022762144,102.37696996066144,0.9490654468536377
396,6.6,0.06695848953525196,179.36924094647543,1.2180514919296745,0.021257407710408672,6.134338438293327,102.47879446589145,0.9493375420570374
397,6.617,0.06670586504166878,179.46156126079367,1.221614728416581,0.021319583825222418,6.2046959189508755,102.56114463010665,0.9490695595741272
398,6.633,0.06579596512886375,179.2954374276396,1.2359148220502738,0.021569110148439992,6.194610023618395,102.71736671030312,0.9496921300888062
399,6.65,0.06467796121140257,179.0933337387775,1.2414974824201888,0.021666523182879312,6.216063785759843,103.151395706006,0.9500020742416382
400,6.667,0.0641044255551507,179.02739619908485,1.253332474829391,0.02187303381450475,6.2101958559916,103.18390705005727,0.9501053690910339
401,6.683,0.06383290380149448,178.66069761221624,1.2457261347674884,0.021740309704964943,6.336631190473952,103.38668155443438,0.9485063552856445
402,6.7,0.0634455024892154,178.67872833593265,1.2520222231340545,0.02185017107374188,6.356673664510566,103.52138435984484,0.9481234550476074
403,6.717,0.06195839065793969,178.5959609451632,1.2563595805125383,0.02192585410499117,6.24234082077723,101.16254028542666,0.9472670555114746
404,6.733,0.06011784455062649,178.57342443619726,1.2647292111026116,0.02207189636438866,6.233297529562975,99.3431351581016,0.9470547437667847
405,6.75,0.05996853744236084,178.39875402544916,1.2647967562716709,0.022073074962774213,6.183237684282744,100.0946524483068,0.9454162120819092
406,6.767,0.058199341666644394,178.4081218123488,1.2864906920324348,0.02245161172869974,5.996534757347376,98.89005665286803,0.9451079368591309
407,6.783,0.0584516474242222,178.47383454655127,1.2798130303702924,0.02233509377209755,6.005372084888478,100.44957548825597,0.9434432983398438
408,6.8,0.05727223057437151,178.47464015777652,1.29307358471103,0.022566475770783148,5.8500919557359055,101.45090600350997,0.9423410892486572
409,6.817,0.052087411279136846,178.81017357531357,1.301945275643331,0.022721276285743417,6.003093394892858,103.21484056922907,0.9418259263038635
410,6.833,0.04724948788598676,177.2814583960829,1.292701049562249,0.02255997546114064,5.8951983706353985,105.24469147516155,0.9409672021865845
411,6.85,0.047820494243783256,177.6299708353657,1.3094614155682753,0.02285242361261103,5.627258464315645,105.28037226362906,0.9398983716964722
412,6.867,0.04459062422759295,177.8732506127082,1.3199353601121542,0.023035180308106452,-174.48845224103712,106.08035809387626,0.9389781355857849
413,6.883,0.04201918396122508,177.19841778843866,1.319049018938542,0.023019714838348353,-174.6890123318916,106.54789422554217,0.9384992122650146
414,6.9,0.0428312386836552,177.24145871789113,1.328217178258744,0.023179686707385433,-174.89881473755895,104.90084314788999,0.9392403960227966
415,6.917,0.03726721624167928,178.03664408028158,1.3130143423080698,0.022914417644298607,-175.15462503457013,107.37211147049456,0.9383111000061035
416,6.933,0.03832332878722739,179.26408548037875,1.3178991142383896,0.022999650528836072,-175.43618096778346,107.4185535257442,0.9359114766120911
417,6.95,0.035408296192371104,179.48825565567765,1.3040117647647964,0.022757333998961838,-175.65374910293178,108.39162244226286,0.935391902923584
418,6.967,0.03599280596040497,179.55568749720146,1.3094649971572447,0.022852486106806284,-175.8815153125314,108.48928001950023,0.9340931177139282
419,6.983,0.03763115108756375,179.53147015978197,1.313510065731688,0.022923067377607305,-175.8630388514556,108.0299556727592,0.9344539046287537
420,7.0,0.038406409689981616,178.83256596816224,1.3127916543603595,0.02291053202674699,-176.0201876726427,108.30603065978075,0.9331067204475403
421,7.017,0.039426768658832614,178.88310250075293,1.2966558352718054,0.022628981871974947,-176.21988396036699,114.54392055941281,0.9317578673362732
422,7.033,0.04083173984736692,178.7093757817227,1.286991201658334,0.022460345066792016,-176.46892371286646,117.33461297970567,0.9303935170173645
423,7.05,0.04380395572872867,178.58897497442223,1.2051011160484235,0.02103143154478104,3.3778901161166175,117.65632868506918,0.9304636120796204
424,7.067,0.048408257214317456,178.78761579324316,1.1624824572811314,0.020287754402186758,0.9174670345817617,121.27097108805268,0.9276922345161438
425,7.083,0.053386649626792196,178.6389124548486,1.1661638298399633,0.02035199320819771,0.8040560982351792,118.26560756120796,0.9275460839271545
426,7.1,0.0563594160917451,178.66559533033842,1.1808141389681408,0.02060763571020472,0.9465399713822933,116.36825641026651,0.9263963103294373
427,7.117,0.05531905063361478,178.98695390130396,1.1945338352237522,0.020847038138755044,1.9364407282661205,114.74149661397865,0.9278407096862793
428,7.133,0.05571538799017986,179.15259397204028,1.159052253178643,0.020227898332226227,3.3034450511416935,115.21878203038979,0.9272699952125549
429,7.15,0.056759160511145434,179.16783132482132,1.1519603313898834,0.020104146117535745,3.6769371845348076,120.16017361216525,0.9252394437789917
430,7.167,0.058727690212184436,176.4320761184059,1.13117478843777,0.01974144196148735,4.515059520482339,118.93428496440976,0.9228835105895996
431,7.183,0.06042566240713881,176.82090689781037,1.1205139867506142,0.01955541179128069,5.185036715041463,117.78267923638226,0.9212681651115417
432,7.2,0.06020515352272676,177.1322381937645,1.1003264451842563,0.01920313889268243,6.093227533461317,117.65352082162029,0.9193448424339294
433,7.217,0.060971944130663445,177.2729760020251,1.1265475949631543,0.01966069787450167,6.42353564339524,117.39570472844198,0.9175649285316467
434,7.233,0.060005555558591134,177.44467573476294,1.132081561275049,0.019757265046368388,7.040039880991628,117.32284692278272,0.9161456823348999
435,7.25,0.05970157064363077,177.7785776327482,1.1490623464564784,0.02005357693561625,8.092883893017955,115.41590058227727,0.9164002537727356
436,7.267,0.05992629332353421,177.91096535034626,1.103126063531145,0.01925199241756878,8.76789789732402,113.73420698659436,0.9170044660568237
437,7.283,0.0598033165584093,178.04126638691488,1.1132035243872564,0.019427844393121188,9.317757188711767,114.35154611600454,0.9169542789459229
438,7.3,0.059724454733633886,178.17698195684196,1.1193446652824182,0.019535007180199716,9.955356762341722,112.57591733924005,0.9182423949241638
439,7.317,0.0596984018731178,178.8766984634415,1.1145441607707889,0.019451238490566878,10.581705109131889,113.29693718175595,0.919165313243866
440,7.333,0.05945227591706047,179.47390195212915,1.1299189701780592,0.019719528064747728,11.018194233437953,111.18786572517796,0.9202975034713745
441,7.35,0.05963313496931287,179.56091525272913,1.1255627194059161,0.019643511872929047,11.377221397732995,109.88781027393972,0.9208581447601318
442,7.367,0.059860597231337076,179.77783448803325,1.1164926335725418,0.01948523931114417,11.518569492678012,110.77370251914522,0.9212067127227783
443,7.383,0.06422369446424352,179.97267323392907,1.086660587704998,0.0189646681219677,11.654237751141068,109.57183470830188,0.9217112064361572
444,7.4,0.0647999168871388,179.96207660353363,1.0605875236735978,0.018509687201269647,11.783946212949132,109.97569455846836,0.9191468954086304
445,7.417,0.06670806588033161,179.81116398980808,1.0136089220219748,0.01768989026416165,11.988960623022109,106.88187126757525,0.9192098379135132
446,7.433,0.06718781349762573,179.91919221808206,0.9222392135491443,0.016095415733548262,11.47125229444859,107.31239914387473,0.9182068705558777
447,7.45,0.06851438233561198,179.83385647727508,0.7827503725541511,0.013661146263656783,11.624684532951221,112.60140101334594,0.9157926440238953
448,7.467,0.07158112574134505,177.94725457733534,0.7336817897892163,0.012804812948167611,11.83946452198262,113.94603996396481,0.9143915176391602
449,7.483,0.07151387518971529,178.0208811152607,0.6800530664051934,0.011868886416796903,12.08269330289312,114.15635753833864,0.9129688143730164
450,7.5,0.07442407998326216,178.52481319226212,0.5977908842569998,0.010433229879267484,12.412197198453413,112.74780104208146,0.9124073386192322
451,7.517,0.07541580215313291,178.8209851822472,0.5491234878821912,0.00958386614371436,12.711097556278759,113.49157116271775,0.9113374948501587
452,7.533,0.07707807881871236,179.12400666020432,0.4802901291466145,0.008382545945833349,12.958695833601382,112.60505213654773,0.9111253023147583
453,7.55,0.078891167924724,177.08263678341783,0.4165588808367769,0.00727025995053405,13.073417943323136,113.55051099587958,0.908076286315918
454,7.567,0.08026359842428221,177.07698855206516,0.33791090236000115,0.005897623635542606,13.079357618660595,116.75624123639378,0.9045839309692383
455,7.583,0.08067148390283502,177.45755620340773,0.3199258706680367,0.005583730790087172,12.997434299657016,117.93002255252154,0.900603175163269
456,7.6,0.08173243416684874,177.4822875739651,0.2674596287098723,0.004668034183815874,13.163693192129813,117.09143437100553,0.898948609828949
457,7.617,0.08162332933143668,178.86674661107403,0.2679267669010891,0.004676187194328461,13.16517532708599,117.23491843051754,0.896019697189331
458,7.633,0.0809492095820528,178.89402904152684,0.24926907136928494,0.004350552294627299,13.085449785231248,115.06248597489316,0.8943356871604919
459,7.65,0.08160039741245713,179.08175789647092,0.2399413532916865,0.004187754386225978,13.007604337592483,117.36165530241409,0.8901955485343933
460,7.667,0.08213426286364933,176.66282609307535,0.21939566537116065,0.003829167367726456,13.072581192868398,116.83572742259163,0.8863808512687683
461,7.683,0.08285101189777756,176.67233989942852,0.21231257536312678,0.0037055450032436343,12.956058014953669,118.8707155656777,0.8802276849746704
462,7.7,0.08295090882394028,175.41614734774154,0.20489487791581992,0.0035760826180162523,13.019289034206594,118.46282430607909,0.8762784600257874
463,7.717,0.08322637443386223,175.86348606561137,0.2540488304339396,0.004433974023036755,12.854794065472873,120.58729374844484,0.8714000582695007
464,7.733,0.0827327380379043,176.05732649452594,0.28341482351611186,0.004946501647359109,12.205918008243344,119.1044364091905,0.8676466345787048
465,7.75,0.08324798165607379,175.67327377042335,0.292937467180174,0.005112701030396256,12.03274042881523,118.96466305879517,0.8614053130149841
466,7.767,0.08278014219903908,175.71956847555717,0.3186914977084697,0.0055621872523015726,10.946525403587714,116.49516832281171,0.8591697812080383
467,7.783,0.08255600035395154,175.95258518528772,0.3184141729631049,0.005557347097206485,10.921847636772895,116.93238394246283,0.8541635274887085
468,7.8,0.08342269253895493,176.15169106434297,0.322029894681861,0.005620452360429389,10.830627127135614,114.44242894725835,0.8533580303192139
469,7.817,0.08379514812155084,176.28900288338073,0.34085390025941664,0.00594898773766843,10.770404514475757,114.80388658891097,0.8515790104866028
470,7.833,0.08450550840202298,176.430497759914,0.3516083826959296,0.006136685438191259,10.745354979802698,113.1649959771657,0.852070152759552
471,7.85,0.08469625813651242,177.28260511699986,0.3299839946001902,0.005759275345704904,11.114073662855162,113.37003552250225,0.8522647619247437
472,7.867,0.08464961308708703,177.38897141398618,0.3273573938416005,0.005713433268588974,11.077710985709388,114.26205362323267,0.850458562374115
473,7.883,0.08513923533419222,177.6063297937887,0.3112937311035993,0.005433073819044854,11.70845668432949,112.67171320810598,0.851453959941864
474,7.9,0.08523538606289705,177.78259180154313,0.30339948923595145,0.00529529528890988,11.640703458410712,114.17008525493789,0.848181426525116
475,7.917,0.08543648489459393,178.2862384997201,0.3138897167227685,0.0054783816411219785,11.576212430309738,114.83032392406005,0.8486689925193787
476,7.933,0.0861850997875367,178.33040923510137,0.3149024627933125,0.005496057128432649,11.392025537856597,115.78654462014701,0.8480699062347412
477,7.95,0.08633015004478603,178.70619884892147,0.32119935865726074,0.0056059570006095965,11.407587613562214,116.2279202741172,0.8483487367630005
478,7.967,0.0867711330812611,178.7786850978919,0.3039126439112514,0.0053042514017853405,11.243083509623773,116.50332371449473,0.8465859293937683
479,7.983,0.08703139110930697,178.8895423859443,0.297406208230434,0.005190694240132506,11.1198400057919,116.17902710235452,0.8473203182220459
480,8.0,0.08735918135424763,179.08065279224186,0.2886823022460979,0.005038435348710458,11.065250440035925,116.43352212868152,0.8458355069160461
481,8.017,0.08773237338477223,179.11726348999997,0.28080543020071314,0.004900959694579442,11.009932384564792,116.30835672071133,0.8432117700576782
482,8.033,0.08808943195569856,179.179422352707,0.26417099126235283,0.0046106372501597374,10.738606931095347,116.09777815668231,0.8427484035491943
483,8.05,0.08834434609351394,179.33730920617646,0.2628527582751827,0.004587629987554741,10.102100897969535,115.91514774784193,0.842234194278717
484,8.067,0.08846504133319749,179.3822763931636,0.2484368654562608,0.004336027698389739,8.837067216372958,119.4040218749921,0.8402999639511108
485,8.083,0.08880144111015552,179.54041972357751,0.2373449935446807,0.0041424397531433605,9.149310249058715,119.30284694894863,0.8406887650489807
486,8.1,0.08848095802436441,179.6315164029933,0.22470007046680282,0.00392174600623718,8.34654492958174,125.93130303930671,0.8356320261955261
487,8.117,0.08880466435406519,179.6789900509853,0.20246425898947346,0.0035336605829419452,8.315871426371189,124.72922467335677,0.8370667695999146
488,8.133,0.08909297639963618,179.8731253719959,0.1832406695598254,0.003198147555498502,7.600583053118726,128.28250119543227,0.8342432975769043
489,8.15,0.0893975537646886,179.74938660905497,0.15876992090782613,0.0027710543265917187,7.62936778211062,127.9602979951398,0.83514404296875
490,8.167,0.08961261673645804,179.48938581025715,0.13812072563024824,0.0024106590926507177,6.940763242779383,127.51694573010529,0.8342583179473877
491,8.183,0.08980771860253906,179.08668387947208,0.10841260559155673,0.0018921557891706197,6.989507164021745,127.3006098348189,0.8357396125793457
492,8.2,0.08974000142517119,178.8967318917225,0.0919262206697362,0.0016044145312680946,6.401538374553155,127.04860081134713,0.8345640301704407
493,8.217,0.08979603037132323,178.6348549031442,0.05153147192320543,0.0008993937322042783,5.863760646876926,126.74959818442305,0.8362041115760803
494,8.233,0.08963281711545278,178.40260169655772,0.018018330600187933,0.0003144791895026087,5.365476715330914,126.25543921526588,0.8369898796081543
495,8.25,0.08955717318648221,178.2137375685763,0.008513153785579928,0.00014858256274028506,5.336111444775611,121.57978649340824,0.8405615091323853
496,8.267,0.08927542494225889,178.10916138844573,0.006806141631287382,0.00011878958054365012,5.05023734501205,120.0921673607287,0.8450579047203064
497,8.283,0.08909924790018584,178.3244010208181,0.004062614650060298,7.090600182389423e-05,5.547359583145095,120.67780955196419,0.8459991812705994
498,8.3,0.08905677881548668,178.36633426085604,0.06566341759146227,0.0011460425842115128,5.564871003830206,119.83354406508549,0.8482845425605774
499,8.317,0.08850639112444683,178.09298709250112,0.07770222910375074,0.0013561593182982437,5.6133292997093065,117.73250468520006,0.8504510521888733
500,8.333,0.0880933335515852,178.7276355518572,0.044505014731208194,0.0007767589625979735,5.650856698975872,119.16422160185648,0.85243159532547
501,8.35,0.0874591400469888,178.65262959828328,0.04923450759089645,0.0008593041573070304,4.994899816727866,114.37397460875049,0.8563857674598694
502,8.367,0.087308489491812,178.65871388634466,0.02938702453751433,0.0005129003130561515,5.290355554760453,114.6786323912511,0.856890857219696
503,8.383,0.08587020333003374,179.10694378760118,0.014880603006692524,0.000259715514229224,-173.73127619702075,112.18442470256794,0.860355794429779
504,8.4,0.08601950230416218,177.70601093541342,0.005124650087900448,8.944201692722549e-05,-173.79956409630233,112.05401305712364,0.8624905943870544
505,8.417,0.08618336781185364,178.32739103409733,0.014914178863438855,0.00026030152345881704,-173.8404059491598,109.66581343530731,0.8655034303665161
506,8.433,0.08614901067738516,178.7796648496847,0.012163356606560826,0.00021229061928412982,-174.21764635154216,110.71685288015917,0.8660168647766113
507,8.45,0.08614607582751449,178.37249425217036,0.01115416891077778,0.00019467697158698078,-174.5688173839435,110.79837966330388,0.868756115436554
508,8.467,0.08606582949448816,178.92020731680682,0.017454290145091252,0.0003046348269184349,-174.69892775003848,110.99175612646309,0.8696241974830627
509,8.483,0.08603878792519894,179.24575682953636,0.014017939491350289,0.000244659196028595,-174.7997172617516,111.07027827573997,0.8710898160934448
510,8.5,0.08603488924822991,179.44531150788393,0.053289341056698136,0.0009300743235658807,-175.0853512247548,108.4367783550778,0.8734685182571411
511,8.517,0.08595565100006673,179.92690865808086,0.05976156853958049,0.0010430359480478747,-175.3635151774929,108.71960918269411,0.8736928701400757
512,8.533,0.08591665304818322,179.66122896558159,0.06811433187635536,0.0011888190790138385,-175.5297198906281,108.95181780372486,0.8751518130302429
513,8.55,0.08553501233608854,179.27813218041828,0.05090903865451614,0.0008885302266326388,-175.52276908405474,108.97481007088882,0.8746022582054138
514,8.567,0.08555711969640444,179.25153232896025,0.04426076288534802,0.0007724959649626445,-175.5950673992338,107.67252654154515,0.8762429356575012
515,8.583,0.08535073435942421,179.98353751652687,0.0413512196763576,0.0007217148704143356,-175.57088914403613,106.95025340060073,0.878500759601593
516,8.6,0.08516141807971649,179.74837409153102,0.04204888736454112,0.000733891465432883,-175.59836038462845,106.24171438563394,0.8805044293403625
517,8.617,0.08499731745108655,179.76224893059228,0.0394910485646648,0.0006892487679455061,-175.5679053692046,105.97515082344644,0.882167637348175
518,8.633,0.08490231246496656,179.7775637057279,0.03653801460620485,0.0006377086137969772,-175.5821293864658,105.37682722504975,0.8832843899726868
519,8.65,0.08475794428131066,179.82399561745297,0.0390763261584587,0.0006820104981767444,-175.49899341669885,106.98128818021091,0.8847923874855042
520,8.667,0.0845504002703654,179.9521127776699,0.027375585609464115,0.0004777940853676808,4.104553848538728,106.19778044700855,0.8872680068016052
521,8.683,0.08359617178963026,179.28650401074253,0.020620774310423556,0.0003599003982580063,3.607317133357327,102.37839018950787,0.8883194327354431
522,8.7,0.0834237750297556,179.21146500930422,0.01578496466612955,0.0002754996022498566,3.1359150208395192,107.61328249945956,0.8886907696723938
523,8.717,0.08228578581840433,179.0829799127634,0.00035977306576229337,6.279224557504839e-06,2.6338051164076717,107.97319836706421,0.8887467384338379
524,8.733,0.08218269838257627,178.9268735374119,0.008655719312081615,0.00015107080054965004,2.2903795459682215,107.93092190324477,0.8891231417655945
525,8.75,0.08137421725683501,178.951792600909,0.04470638741333652,0.0007802735778596001,2.3916567337066112,108.24321740586558,0.8895150423049927
526,8.767,0.08222417368173106,179.50921901111508,0.055707784092557375,0.0009722840982159295,1.965654907730766,107.78467178015461,0.8885849118232727
527,8.783,0.08138919525473379,179.44275305385145,0.08109436341030327,0.0014153631737631165,1.6476038371813502,104.21748798812519,0.889087438583374
528,8.8,0.08107486883871806,179.68106159471108,0.080964292975056,0.0014130930186787552,1.3961657062146458,105.55977639317464,0.88683021068573
529,8.817,0.08028237383832391,179.64169916775808,0.11964237565679746,0.002088151862594074,0.9629988598496482,103.2181698412048,0.886744499206543
530,8.833,0.08021366792626439,179.99873903933303,0.11741932037906458,0.0020493523115724006,0.44657253801779007,105.03999039418726,0.8816231489181519
531,8.85,0.07960495652823371,179.35450061478957,0.13672084739796753,0.0023862266786454085,0.5513200530667746,109.76302048479893,0.8794393539428711
532,8.867,0.07915422555691251,178.8291679121913,0.1584334026155099,0.002765180996899871,0.16432113574791174,109.94373986655286,0.8777627944946289
533,8.883,0.07897863049572239,178.92198560185236,0.16382589599352454,0.002859297389032622,0.4891182469314401,110.15200423030542,0.8767971396446228
534,8.9,0.0786139774560981,179.2301998193318,0.1717283053949314,0.0029972198604927905,0.5946155647121998,110.36290989535077,0.8760705590248108
535,8.917,0.07966754038572853,179.41364644808365,0.13827171154191706,0.002413294286268137,0.43259932556236436,109.86786791367001,0.8739203810691833
536,8.933,0.07991135082892764,179.1500748280913,0.14027011474922912,0.0024481728989763775,0.4302608232015075,110.8047131557644,0.8689075112342834
537,8.95,0.07986267932429847,179.4125528844897,0.1049304578929033,0.001831380952126308,0.3721463623459158,110.87222576682608,0.8682782053947449
538,8.967,0.0798731905038909,178.86676813767207,0.10971403192750445,0.001914869922553719,0.3971819068938771,112.01249811794179,0.866788923740387
539,8.983,0.07977753856557979,179.0318978194163,0.10431870182400063,0.0018207038123060864,0.8200581305248136,112.53030499355374,0.8617575168609619
540,9.0,0.0806939625290683,179.50035202706886,0.11449724299884578,0.0019983525447423585,0.9332766253971272,114.96714801214915,0.8570937514305115
541,9.017,0.08068128760644408,179.5831129981712,0.11574457069368169,0.002020122475925002,0.8319561294229345,114.71209196165589,0.8549787402153015
542,9.033,0.08160305108157676,179.75123728310595,0.09031635115334034,0.001576317043213463,0.9748503216382289,114.23139290921416,0.8536921143531799
543,9.05,0.08082770327848784,179.99543583907737,0.08424229603978892,0.0014703049055835775,1.1242913370181498,116.56297324712374,0.8501803874969482
544,9.067,0.08197842954032641,179.96373751881737,0.03935629287069026,0.000686896837956595,1.408394776099584,117.00356447504095,0.8471851348876953
545,9.083,0.08249011400802927,179.57964333037856,0.01180221696093482,0.00020598754354632652,1.9917335836693724,118.91801648679753,0.8445295691490173
546,9.1,0.08275436684888982,179.4611986300364,0.050800169210896536,0.0008866300971351227,1.9358187143380121,118.6446177404925,0.8455080986022949
547,9.117,0.08270511323216881,179.35333405503118,0.04850754273528938,0.0008466162316459832,2.60778787603644,119.3917734804088,0.8448262214660645
548,9.133,0.08283891365556655,179.0147692511977,0.10861339836099396,0.0018956602778263754,2.5709168752804032,119.15396238109034,0.8460777401924133
549,9.15,0.08278414229891023,179.01966361347806,0.10157821463407606,0.0017728733649470074,2.6447245384318023,120.56692151730884,0.8474146723747253
550,9.167,0.08285163229839872,178.95569251912033,0.1645719541410939,0.002872318506648339,2.190978582600053,119.68357645634248,0.8513801693916321
551,9.183,0.08297785754427024,178.97857140616932,0.16895655421450323,0.002948843890150045,2.3541416159768005,119.62165007092221,0.8543077707290649
552,9.2,0.08278958702127226,178.93806428249468,0.20095789124740399,0.0035073696690244172,2.4078324923922594,119.2179670549699,0.8582727909088135
553,9.217,0.082657135736632,178.9393707483033,0.19670774100881608,0.003433191000338805,1.7711005460994045,119.18414992994792,0.8624426126480103
554,9.233,0.08366669321756304,178.95261625757647,0.19313987744877367,0.0033709203943267946,1.660215528671415,120.67895877276085,0.8659703135490417
555,9.25,0.08323905750475294,178.96734707599327,0.24846599977752645,0.004336536183440482,1.3850339036647767,119.97785273132244,0.8682492971420288
556,9.267,0.08282803137607449,178.94486410837152,0.2915655786999752,0.005088757370929598,1.4798072636634743,119.51182762829475,0.8713274598121643
557,9.283,0.0828640000137486,179.07478195228003,0.3204719168644963,0.0055932609452603605,1.417141030286757,119.36144441908041,0.8726918697357178
558,9.3,0.08393649603641043,179.06480681507944,0.4148853752379019,0.007241052536620062,1.589447036007698,118.51214765413216,0.8736871480941772
559,9.317,0.0838755313938497,179.16167256256674,0.47127968286733385,0.008225289413444265,2.0788951255382244,118.52244633711489,0.8767357468605042
560,9.333,0.08413858045536521,179.2654896593141,0.5250311251872117,0.009163393566816535,1.7169520773157387,118.50211965186361,0.877977192401886
561,9.35,0.08579516739216418,179.47943748317525,0.5737405029566524,0.010013493478839269,1.7277476466375106,117.78879887678143,0.8790427446365356
562,9.367,0.0870409635776064,179.62112093945638,0.5968803628243055,0.010417339145982103,1.446896337700906,117.28207822985539,0.8805684447288513
563,9.383,0.08759725553572674,179.7829736417275,0.6558428004826674,0.011446366280033447,0.7684460193890743,116.91180193498117,0.8827148079872131
564,9.4,0.08805191254761857,179.8441106538954,0.673687205087529,0.011757788930048899,0.4841291939033283,116.93600569578629,0.8835412859916687
565,9.417,0.08924933984032259,179.75415796929417,0.7063219905529378,0.012327332076404046,0.3195097262232309,115.80922889197686,0.8853970766067505
566,9.433,0.08961642802173563,179.51588565961433,0.6899285959538755,0.012041234604964868,0.6414793070383666,115.57008552773864,0.8873387575149536
567,9.45,0.0898041855713517,179.5108195536082,0.6912683540717625,0.012064616096766878,1.012490708371672,115.48262105310424,0.8889512419700623
568,9.467,0.09122607971222983,179.61955321345394,0.6516807423428879,0.01137372939058153,1.3828038059700418,114.73770515935622,0.8915159702301025
569,9.483,0.09207110604234957,179.57303073056858,0.6442832454578797,0.011244626970352957,1.766463296796843,114.04753090641503,0.8933493494987488
570,9.5,0.09222770768308125,179.6910409280133,0.652727489250983,0.011391997386959285,2.281584753268419,113.88955671617575,0.8950591683387756
571,9.517,0.09266666957569188,179.60082515664178,0.6639578913393002,0.011587991940529955,2.9941820348805095,112.94146856227907,0.8980981707572937
572,9.533,0.09273243112798543,179.56248962542716,0.6991434951220094,0.012202053119338615,3.3713064178461423,112.95467745975078,0.8988259434700012
573,9.55,0.08784841766649457,179.5200314726579,0.7363841764894423,0.012851974612622233,3.5494519839022587,114.68254621871428,0.901527464389801
574,9.567,0.08610118351862958,179.4439814090479,0.7610512977843349,0.01328246033498673,3.6464709674825144,115.40999314543836,0.9047920107841492
575,9.583,0.08133936154725362,179.97218618386862,0.7744886264039023,0.013516964905780054,4.614409087085107,113.42936813940071,0.9086925983428955
576,9.6,0.078586992291661,178.94201639554058,0.8230509300916767,0.014364454608084798,4.553747653888763,110.97874319644252,0.91250079870224
577,9.617,0.07829082843303024,178.81108707736985,0.8225931323925273,0.014356465354837172,4.375031444664188,111.3413529643464,0.9166382551193237
578,9.633,0.06450553792903528,177.22295077160186,0.7907318803973221,0.013800436722286319,5.04946383690276,112.368318733429,0.9202509522438049
579,9.65,0.06452555551619306,177.80668867817346,0.7397039386482503,0.012909910585740102,5.428924403167457,106.87398044252633,0.9241395592689514
580,9.667,0.06301137478401166,178.12473092096323,0.7476584552167574,0.013048731395606531,5.296398462177535,104.43806097376456,0.9282433390617371
581,9.683,0.060501768713142834,178.0990950731192,0.7730901834475145,0.013492559697588738,5.530112961382429,102.0142713518153,0.9316227436065674
582,9.7,0.06157467367301267,178.57692510893497,0.7805693673171975,0.013623084083590354,-173.85641958734254,103.74132481010479,0.9341083765029907
583,9.717,0.05968386801353566,174.9097531283666,0.7615034064837259,0.01329035042386273,-174.04069251624657,100.58385434864977,0.9364827871322632
584,9.733,0.05781000139403528,173.96090716817147,0.7118911671282904,0.012424525100158363,-174.25927192584754,97.04904342910663,0.9389931559562683
585,9.75,0.05611418159768305,174.37373435442777,0.618646906341417,0.010797215622271235,-173.77576766687793,90.4779072277668,0.9414302110671997
586,9.767,0.05530119584174412,174.1392685988417,0.5326721438104475,0.009296748818988404,-173.85482031945776,96.03117692682964,0.9423015713691711
587,9.783,0.05702504224579832,173.42720278207725,0.46359404978405944,0.008091154275152621,-173.89427600644302,97.99300793700503,0.9436639547348022
588,9.8,0.05763642732449206,173.2233730202198,0.2533884791647448,0.004422448832170367,-173.90292539555549,99.90110477569324,0.9447574019432068
589,9.817,0.056908330416686935,172.77498954445338,0.22727539976718888,0.003966693632221949,-175.25245269954706,99.24902156887528,0.9443610310554504
590,9.833,0.055066254157168024,172.00774775849646,0.016148510868018835,0.00028184468020956045,-175.63499310952545,98.80006199303703,0.944892168045044
591,9.85,0.054446833925909176,172.18338309821974,0.018931643060965286,0.0003304194982138108,-176.90983254998503,100.59692060381904,0.9441313147544861
592,9.867,0.05389395461515466,171.47054568833252,0.10974020935427393,0.001915326804002714,-176.99775220395327,98.54460972876338,0.9449337124824524
593,9.883,0.054738477924466046,171.69096308498024,0.17478155010772897,0.0030505087899617713,-178.62385218952465,99.50726067676248,0.9436788558959961
594,9.9,0.0554869613289877,171.77440189707355,0.22261020155723046,0.003885271190725577,-179.24860735838752,99.42559380109552,0.9434221386909485
595,9.917,0.05694515642074113,171.32386480223593,0.2739408432206642,0.0047811514539865185,0.25154368169717145,97.93490969070359,0.9442523121833801
596,9.933,0.05758493518627112,171.1953237879117,0.3405924699003128,0.005944424997816347,0.3004424302916675,97.17589036510276,0.9445175528526306
597,9.95,0.05721082888604487,170.64390632002386,0.4098597202170796,0.007153340581277491,0.26720233511562697,96.90575760254623,0.9441717267036438
598,9.967,0.05711513145671968,169.69595255337356,0.43184492127232244,0.007537044372865958,0.3490432897417861,97.18809500243522,0.9440196752548218
599,9.983,0.05785204196375535,168.9647939527258,0.4891932995835276,0.008537930022512467,0.501956820393616,97.2442569479064,0.9441348910331726
600,10.0,0.05814934330049487,169.04083901588453,0.5010884653615099,0.008745532077791218,0.6757927091342992,103.14920324345974,0.9428384304046631
601,10.017,0.05893014423340621,168.41679467517528,0.5331707582463286,0.009305450906157274,0.6258425902325371,103.28355885088999,0.9415493607521057
602,10.033,0.05889349842868209,168.36547677005643,0.5474078769225237,0.009553924454666898,0.5025125672111699,106.05180147598391,0.9398293495178223
603,10.05,0.05889861365018896,168.37068008240627,0.6563477652668335,0.01145517900030412,0.5515022328595194,109.03201516879409,0.9389917254447937
604,10.067,0.058664449310115954,169.1186122160147,0.7711547192015987,0.013458782541221848,0.5474329927348833,109.47424942443092,0.9361142516136169
605,10.083,0.057593103036042384,169.35759983608975,0.799468653899068,0.013952907503583007,0.3893269146151397,110.19883685370117,0.9345671534538269
606,10.1,0.05484738662956328,174.0244896184596,0.8190397179170636,0.014294452936598182,-178.46516054653978,111.50433303632373,0.9342150092124939
607,10.117,0.05505794176021235,175.57920148721297,0.8174320999192962,0.014266397570534403,-178.7769069080664,112.55122678442284,0.9353289008140564
608,10.133,0.052034661790686845,177.38981137175614,0.8788701859746813,0.015338576923056475,1.1729647903608509,113.1126083781715,0.9348793625831604
609,10.15,0.05190987979167097,177.4304416096477,0.9088003516934512,0.015860893289673904,-178.08435570372262,112.96440402107935,0.9360951781272888
610,10.167,0.04826569711289024,176.12653943733392,0.9600200579826569,0.01675472689768053,2.4013248060655883,113.4107691282232,0.9368466138839722
611,10.183,0.04607389933997422,175.44075478039593,0.948944932274568,0.01656145631040784,2.269154071191366,114.05548425732793,0.9383636713027954
612,10.2,0.04515718975217316,174.89127648474562,0.9719050815453475,0.016962130211173976,2.5124232521953616,114.39437775302147,0.9394227862358093
613,10.217,0.04504290817348218,177.4177922334378,1.0120759461387339,0.017663138967969776,2.3881197349559216,113.79581979074426,0.942626953125
614,10.233,0.045369822501262244,176.7941114577816,1.0144055056575303,0.017703791094139835,2.3758971558786186,113.49179038182824,0.9451323747634888
615,10.25,0.045725771713724564,179.3717703544097,1.0600252547061058,0.018499875436842908,2.28219075726102,113.75671398402413,0.9467981457710266
616,10.267,0.04598885271732824,178.35307801989984,1.0830155473140415,0.018901061568845457,1.9939966708988095,113.11989096708186,0.948938250541687
617,10.283,0.045138027403224514,177.1151801224385,1.0874466878147004,0.01897838568786046,1.5594379901928903,111.80829214581286,0.9511854648590088
618,10.3,0.045022280208911955,178.9494894228457,1.168779434018982,0.020397634636463425,2.509232694449338,111.04901669307283,0.9537609815597534
619,10.317,0.044018367080574744,179.94477952389877,1.1670775783928213,0.020367937823206218,2.9966000871656036,110.68992923399323,0.9557628035545349
620,10.333,0.042189293678678505,178.26593028394197,1.2754530846480596,0.022259017282152852,3.013106512066713,109.68260941458412,0.9564909338951111
621,10.35,0.0416235435688782,176.96860013800142,1.2067857687039334,0.021060827767832267,3.108614670956854,109.8240192873624,0.9572773575782776
622,10.367,0.03927323135043616,176.91086737169638,1.2128050398696442,0.02116586044998356,2.355048535022746,106.98789485730491,0.9586437344551086
623,10.383,0.03795585661156144,170.25193477926226,1.0751743491538264,0.018764231114942242,1.703546559414832,108.60339689998929,0.9590635299682617
624,10.4,0.037137215264777035,173.71460741753938,0.9996362377147734,0.017446058554320576,1.8998007544065274,108.90597864585807,0.9591223001480103
625,10.417,0.03669252838755093,172.40048029154386,0.9656809710499571,0.016853514518630503,1.5280613860877565,109.07034416958066,0.9600911140441895
626,10.433,0.03526843828699595,174.597765451631,0.9152392406857911,0.015973258865900827,1.2944973205774772,108.6109788530501,0.9611449241638184
627,10.45,0.034703071005809535,173.2778190565377,0.8454736949219094,0.014755764194490378,0.9611628670827201,108.62911799054602,0.9617056250572205
628,10.467,0.030283194298991033,172.31954181407332,0.8933864091554907,0.015591902512000976,0.64883163594547,110.67250726598621,0.9601494073867798
629,10.483,0.028868882327881106,172.40771509872786,0.924284960825973,0.016131116123710904,0.03229718515763125,111.47140452856036,0.9595598578453064
630,10.5,0.02326633515880776,172.00344317573882,0.9816201525812697,0.017131665549035432,0.5313147322222278,114.2674657452186,0.9573698043823242
631,10.517,0.020680102433648997,172.3877707226654,1.0296725024231275,0.017970208062267443,0.6944195908862412,116.54658035355664,0.9559109210968018
632,10.533,0.018620133876985415,175.23201896861164,1.080277187050311,0.018853276682431013,0.7609909955362468,118.05762045295573,0.9535742998123169
633,10.55,0.017816765177418717,178.15399925874854,1.0944657140903864,0.019100868600059655,1.4448280361689,119.06760539009849,0.9523758292198181
634,10.567,0.014272605063763768,178.71617286082213,1.114818792432882,0.019456030810231086,2.243398487340869,122.57363489281143,0.950782835483551
635,10.583,0.011168439880474949,178.43514510270998,1.123186935824274,0.019602054611057726,2.6394581989742676,128.39055039502398,0.9469304084777832
636,10.6,0.01066454779905577,175.39797538948204,1.1039089175917263,0.019265653264364014,3.236040048601268,128.60444316660158,0.9441646337509155
637,10.617,0.0101216028603148,175.16908669122512,1.040916895063511,0.018166427698734854,3.6526347246620503,128.19842123954817,0.9403567314147949
638,10.633,0.00642101838230014,171.2199990971649,0.9431465062235471,0.016460268479583196,3.193698036683031,131.19069261866886,0.9380503296852112
639,10.65,0.0041899873083233825,171.4449000492081,0.9120324418357417,0.015917296783115018,3.141279813459221,133.4864916838909,0.9345194101333618
640,10.667,0.0018026494577401836,166.3166677499454,0.8839302084966979,0.015426880526839779,4.297611397051327,133.1466353978307,0.9293656945228577
641,10.683,0.0007882915475066217,167.20177908402866,0.8441013109916911,0.014731814179850599,4.85757270785146,134.1498246625449,0.9225398302078247
642,10.7,0.00201641790541417,168.18035315387863,0.8183757671342003,0.014282865992376045,5.287588956291813,133.63177159614068,0.9170622229576111
643,10.717,0.004240160250611717,160.5812570969287,0.7400055699681922,0.012915174606500355,-173.22638251558305,133.78322975175885,0.9069758653640747
644,10.733,0.006737759733672052,161.9860710771406,0.681351834285009,0.011891552592801322,-172.43721875590154,134.44542358967277,0.8980339169502258
645,10.75,0.008850356135183892,163.53403777512617,0.6708360700576557,0.011708030661608224,-172.25122211572523,135.01630600959163,0.8904785513877869
646,10.767,0.010950652624568813,164.28506066391492,0.6586521521267185,0.01149539549008628,-171.46901249988025,136.07139590014935,0.8862391710281372
647,10.783,0.012510357688982364,164.7382458465852,0.648726213617501,0.01132216645683735,-170.97636820876312,136.6796960766932,0.8804622292518616
648,10.8,0.014166280467518241,166.31388249258325,0.6864441190163207,0.011980423396491607,-170.37971761829357,136.23126309165542,0.8788374662399292
649,10.817,0.015204765762113975,166.56145995717338,0.7324860004515787,0.012783944195342666,-169.80199751551504,135.2084921779241,0.8776687383651733
650,10.833,0.015339928125881284,169.87332132251208,0.8030317337358764,0.014015088897490504,-170.1360026393363,135.16349578752568,0.8757293224334717
651,10.85,0.01585715268471513,176.73073270100096,0.8187533934833501,0.014289456142901622,-169.0753817698975,132.70580111045322,0.879712700843811
652,10.867,0.01626288442244862,177.17307018767835,0.8576983335514838,0.014969100821967238,-167.203431820765,129.7822881669908,0.8806019425392151
653,10.883,0.016611733098782118,178.6775049757258,0.9258960668951044,0.016159231564119973,-167.50598660210562,130.73144690884186,0.8802282810211182
654,10.9,0.01762047121909022,175.67437947670717,0.9535195966852991,0.016641288263188093,-166.44806991310207,121.42612674794863,0.8861958384513855
655,10.917,0.016968699927532842,177.4619454204542,1.040612372925444,0.018161113661607726,-166.60035192639737,122.18984518103063,0.8879486918449402
656,10.933,0.1457800899642123,177.23045402164334,1.1675123201276816,0.020375523923241313,-165.3034044632409,124.0969113105136,0.8960404992103577
657,10.95,0.1437952963776112,177.33856010285007,1.2441948928506288,0.021713590800573553,-165.31823195708864,135.11345995480514,0.9025570750236511
658,10.967,0.1344055073011795,176.84400003442315,1.4379656099124511,0.02509459983563573,-164.06971426965742,138.96036215303002,0.9097181558609009
659,10.983,0.13030442256056804,178.7326217428225,1.7180206469434185,0.029980623802469644,-163.69203671346082,138.8876024561827,0.9167892932891846
660,11.0,0.12932963798946606,179.05185145123102,1.9685760539230348,0.03435137425983076,-164.3217064581438,133.92484197433097,0.9213833212852478
661,11.017,0.12893214201337755,178.82276954929551,2.1818246363687384,0.038070821040880505,-165.19490261847318,137.24425057384173,0.9231265783309937
662,11.033,0.12804056874999453,178.76335285423247,2.3446958561530136,0.04091124165027271,-165.74009261195272,131.60037189647838,0.9245409369468689
663,11.05,0.12252277015407513,178.2691989019328,2.550986414241046,0.04450840381011966,-165.75728246463984,136.42450912151466,0.9274578094482422
664,11.067,0.12130549009739379,177.47697801047352,2.675214127366585,0.04667433146460745,-166.39483696637387,138.7425450390798,0.9288017749786377
665,11.083,0.12141183819199745,177.16548913721738,2.798093822166416,0.04881654040797207,-166.37397807820446,139.08158662640002,0.9277281761169434
666,11.1,0.12150782322493735,177.31187917298035,2.858947355328717,0.04987734092059694,13.66798966804538,141.0778799128792,0.9266223311424255
667,11.117,0.12111896746693497,177.77974597131492,2.8769327927522865,0.05019085285681909,13.682627287872009,140.85821438897588,0.9277386665344238
668,11.133,0.12183573051199192,177.4401204374603,2.9072519307633096,0.05071934764902373,14.649850968235057,140.0897538443571,0.928181529045105
669,11.15,0.12141116261878127,166.24877238660974,2.9255200516107847,0.0510377735596067,-164.05268207607196,139.51912337173744,0.9301128387451172
670,11.167,0.12104538975688427,154.53173552437025,2.9764747311085644,0.05192592114729708,-163.58027427694844,139.26575196485388,0.9318616390228271
671,11.183,0.12064915926387322,157.94415726569034,3.017166429216594,0.052635153994031667,-163.03639789840707,139.94896149855688,0.9324606657028198
672,11.2,0.12023935938705112,160.03194489652017,3.0528377901002415,0.05325686343081306,-162.35082333640418,139.65979780887704,0.9324936270713806
673,11.217,0.12038574458565353,155.00056250317286,3.0972784699484035,0.054031382771356114,-161.0415793723106,138.73431505126615,0.9334623217582703
674,11.233,0.12023657689202748,146.19866610921332,3.123181595659131,0.05448281166147601,-160.19793610093814,139.40868916824144,0.9350153207778931
675,11.25,0.1205328292125337,128.9408344567451,3.150731877561965,0.054962934281364756,-158.96492120196376,139.18144165029958,0.9385994076728821
676,11.267,0.12011531736156664,120.43908357781443,3.1705388187799417,0.055308104773135566,-158.5280762701583,139.72340434718296,0.9415451288223267
677,11.283,0.11988805021185799,119.31088571785062,3.195431845937198,0.0557418998035175,-158.63968639757763,139.29305107444472,0.9435693025588989
678,11.3,0.1203158962452209,114.34315828679254,3.2028545050106314,0.05587124775289146,-157.490769329819,139.10316539831746,0.9451017379760742
679,11.317,0.12034041168677263,106.94266214661295,3.2147802892162805,0.05607906561636764,-157.09275240893464,138.05325255943836,0.9470330476760864
680,11.333,0.12056020302285762,112.1300347572825,3.2246139024961322,0.056250423631553234,-156.60059424839739,137.92253704959123,0.9491361379623413
681,11.35,0.12072516237816378,113.38028222294345,3.263177911519288,0.05692241409393766,-156.46896768871773,137.94358392994954,0.951416015625
682,11.367,0.12050001199696993,113.78610284504066,3.2802063481221015,0.05721913197847889,-155.7629810027646,137.6441183253528,0.9536581635475159
683,11.383,0.12055332073939577,113.40320995382608,3.2906768725584037,0.05740157674615857,-154.5795297150736,137.2202112010175,0.9553977251052856
684,11.4,0.12052994710490497,112.55923932547255,3.2962263162227465,0.0574982728411927,-154.20319778414012,137.5497947351289,0.957154393196106
685,11.417,0.12084145179148116,111.45681113616895,3.3207974465921737,0.057926405184505626,-153.88961632275038,137.38872552459353,0.9566270709037781
686,11.433,0.1206593596413903,110.38298995158452,3.358988990502059,0.058591841190190334,-153.29277494710811,137.4671981410725,0.9563516974449158
687,11.45,0.12059207023586448,110.91674590227326,3.355972176485915,0.0585392782287504,-153.15966923225608,137.38536776874162,0.9558886289596558
688,11.467,0.12061280351195434,108.51621154077338,3.3479498889834254,0.05839950243638359,-152.0922239546586,137.5443713232039,0.9559342265129089
689,11.483,0.12047645576679103,107.88848758954322,3.3716561893451678,0.05881254426534289,-151.50598916713136,137.56282219988233,0.9561581611633301
690,11.5,0.12050864080297018,106.09593431286487,3.359684248155495,0.05860395487421817,-150.9392736267556,137.43178309770036,0.9559314250946045
691,11.517,0.12071543886547255,106.39338143774889,3.357976854441491,0.058574206422572765,-150.0938121233553,136.83410849308905,0.9551886916160583
692,11.533,0.12073119380966339,106.44255589843883,3.3715465805059304,0.058810634541480514,-149.21023045268987,136.78480094214328,0.9549037218093872
693,11.55,0.12092522476291681,105.22526457810501,3.3882314888510283,0.05910133459681733,-148.35863193552734,135.51465091238103,0.9540842771530151
694,11.567,0.12086287360469276,104.84149554176173,3.3954706625074036,0.05922746068341821,-148.07824892316626,135.60610052842603,0.9533959627151489
695,11.583,0.12103849877335895,103.55712422304205,3.544974354145687,0.061832007114730976,-147.58451711441376,134.40162062529916,0.9522404670715332
696,11.6,0.12127722291304134,103.29539630737779,3.5682865173742995,0.06223809746501041,-147.93193671103108,134.14091140997667,0.9511082172393799
697,11.617,0.12126413398725933,102.92228015844341,3.5765645614930097,0.062382295843130195,-147.88821579068792,133.8166732527642,0.9496660828590393
698,11.633,0.12141385323366145,102.3724964171178,3.575991418581729,0.06237231209213693,-146.8740979078641,133.53765005768236,0.9491629600524902
699,11.65,0.1214852737828829,102.13203785626622,3.5813600461280592,0.06246582960633651,-146.28255585935983,134.0084723142259,0.9489104747772217
700,11.667,0.12151769802912697,102.59237074577999,3.6280376024914878,0.06327889485225426,-145.42916168366895,134.00395555911211,0.9476532340049744
701,11.683,0.12121620665007693,102.19756577756444,3.6590985920671426,0.06381991559900425,-145.29618713687017,134.04376949269317,0.947334349155426
702,11.7,0.12124448809659173,102.31130889616617,3.697937569217009,0.06449638703323765,-145.39898031167615,134.32766915983987,0.9469834566116333
703,11.717,0.12109773489809712,101.33603911717039,3.7218298410457957,0.06491251200648362,-145.1588637518206,133.02840448434452,0.9473168253898621
704,11.733,0.12119363765204984,101.16872847939854,3.8301690520824447,0.0667992828440975,-145.1117821781953,133.10375336567577,0.9465070962905884
705,11.75,0.12089908492691934,100.33800400895281,3.8023280741211254,0.06631444357195528,-144.5423633517015,132.9127537591416,0.9480501413345337
706,11.767,0.12089146541345767,100.09534843375558,3.871106414980042,0.06751216163773922,-144.55369237442704,133.26770695678266,0.9477722644805908
707,11.783,0.12076539367672662,99.37129186082942,3.825229405629442,0.06671326206414532,-145.64195499369464,132.74056022383007,0.9494179487228394
708,11.8,0.12110450324781624,98.38766155832145,3.8746361934373414,0.0675736272078565,33.83091977376472,131.8475767934892,0.9505631923675537
709,11.817,0.12109831692428281,97.61197253034246,3.8871063074514565,0.06779077268106345,34.174007173605986,131.8273959597388,0.9512507915496826
710,11.833,0.12102747197955678,95.97405007100167,3.9000812715726303,0.06801670583696061,-145.05071846710564,131.73714652570794,0.9527813792228699
711,11.85,0.12106379517176391,95.09856852901915,3.955457150182521,0.06898092710952355,-145.0145451603059,132.48993611906624,0.95433509349823
712,11.867,0.12091489600165209,94.95082808704942,3.9486408368324466,0.06886224289302341,-144.38116297461818,132.3541533782803,0.9551735520362854
713,11.883,0.12092460408760776,94.18847061670974,4.040186653524945,0.07045613739850484,-144.05327269552328,132.0771138555556,0.9562461972236633
714,11.9,0.12086248905109394,92.96332049557287,4.059550745468941,0.07079326063987552,-143.75256154667784,131.51125776504156,0.9573671817779541
715,11.917,0.12078163836942432,90.41356669907108,4.159383803916248,0.07253119616416492,-143.63097888077073,131.592843523751,0.9587210416793823
716,11.933,0.12081501243209128,88.68903881656914,4.1749835490420635,0.07280274327559014,-142.98283088520526,130.83904573095137,0.9607468247413635
717,11.95,0.12075506889172151,88.04114576171234,4.211755646168963,0.07344281931458778,-142.55641000006426,130.85285837126838,0.9614889025688171
718,11.967,0.12057319169291823,86.50206905250651,4.2356866844706085,0.07385936034625862,-142.0019248638627,130.5176644735859,0.963006317615509
719,11.983,0.12052313075715114,85.8828098484311,4.268914989608527,0.074437707204488,-141.9540170167777,129.8715174440271,0.9646512269973755
720,12.0,0.12034013208975564,85.36815527496813,4.375659517107795,0.07629545170311458,-141.54380348998723,129.90750845083403,0.9649335145950317
721,12.017,0.12036497209772935,84.2727048862619,4.383700318446325,0.07643538035825918,-140.67860315919023,128.43914188928838,0.9662371873855591
722,12.033,0.12026528078722101,84.57417533104545,4.4052129618601885,0.07680974300692528,-140.0115166364439,128.6308531742709,0.9669157266616821
723,12.05,0.12008301515829362,84.29668764246392,4.49564943151833,0.07838339782962285,-139.79529867540612,125.12830087117833,0.9678837060928345
724,12.067,0.11970706615728824,83.55922220147143,4.589652765955716,0.08001891143246621,-139.12370389208502,124.0730374661154,0.9676880836486816
725,12.083,0.11979506939720098,83.04536498767807,4.792079231492506,0.08354008388279201,-139.1319292982297,123.93928356290338,0.9683691263198853
726,12.1,0.11956534889329286,82.44744846407058,4.846931359735624,0.08449404919697362,-137.414585647614,123.43152069735787,0.9681017398834229
727,12.117,0.11930927862370268,82.68380914690664,4.8331997959980235,0.08425524280562678,-135.53321219465556,123.42125687183524,0.9674961566925049
728,12.133,0.11919023286436246,82.79384485380687,4.866799829096101,0.08483957426168107,-136.10161830917787,123.85845711770328,0.9677171111106873
729,12.15,0.11893941962680683,83.39089784772088,4.937224952808472,0.08606422860095408,-136.39582730936405,124.58611190950205,0.9673784971237183
730,12.167,0.11964007272928893,82.61246075883581,5.051426277494219,0.08804984990649585,-136.70132798359532,122.54227473128512,0.9663752317428589
731,12.183,0.11895303626578846,81.57063181176186,5.123944405639112,0.08931054333429866,-135.8442226781716,122.69615230625278,0.965785026550293
732,12.2,0.11839159592498534,81.20803789278753,5.189226970976938,0.09044532760517379,-136.1708236012434,122.99104664915838,0.9646493792533875
733,12.217,0.11835867279974857,81.25759295626146,5.27704741686577,0.09197169457592379,-135.65798335907402,122.24247583119214,0.9637815952301025
734,12.233,0.11834146904647756,81.12950993161921,5.380015172266134,0.0937610545478266,-135.4061728376364,122.90533070572955,0.9620572924613953
735,12.25,0.11702408796317483,80.84071245365922,5.534468310664005,0.09644455106891091,-135.92802484138707,124.38411257792743,0.9611908197402954
736,12.267,0.11601538280958261,80.26444733016795,5.666737669220495,0.09874206627607215,-136.38392605425406,125.3530496316654,0.9594451189041138
737,12.283,0.11545048677744324,80.35764869076604,5.7231336843514455,0.09972150423922521,-136.83130229920357,125.44294836801306,0.9580488204956055
738,12.3,0.11477613835933,80.75251200419197,5.844399849448867,0.10182722326423631,-137.8727133156549,125.89310953976695,0.9552084803581238
739,12.317,0.11423862953138104,80.9869641351713,5.922974057879148,0.10319137743857688,-138.5687432274447,126.35024735056133,0.9525349140167236
740,12.333,0.11399479697488595,80.77910433468209,6.231597512738507,0.10854759425790145,-139.45061047106674,126.31317181532962,0.9496278166770935
741,12.35,0.11369488722052033,81.1716757461723,6.34866969383432,0.11057858795828805,-140.29181661978703,126.28729268843253,0.9472852945327759
742,12.367,0.11350023493587262,81.4242721297009,6.419604333233642,0.11180895346744946,-140.7762789300092,126.38033710794582,0.9452495574951172
743,12.383,0.1133139092047971,84.23851820363761,6.541838205654738,0.1139287040406946,38.77362798667744,126.4148324882544,0.9419503211975098
744,12.4,0.11267276657197,84.25894788876995,6.674964291580811,0.11623675455521422,38.68556586215058,126.81658536165673,0.9384999871253967
745,12.417,0.11237687316065285,84.61604944700662,6.800303790834425,0.11840923315720138,38.25577510320403,127.77119564983532,0.9340372681617737
746,12.433,0.1110028287547724,84.97712714277941,6.998410027634354,0.12184179995160667,37.334763840657104,129.68214168076773,0.9315235018730164
747,12.45,0.11020955556721478,84.95109026521193,7.13777369435089,0.1242556698046131,36.63770717252345,130.93734877402838,0.9281691908836365
748,12.467,0.10939223067629113,85.63050717716332,7.299311907491175,0.12705269645587863,36.80282699983107,131.94420856208737,0.9249895811080933
749,12.483,0.1087235963232987,85.77634854905077,7.417092895697968,0.12909143343074236,36.659206894185814,132.28964508464082,0.9215741157531738
750,12.5,0.10891941679512696,88.86985174104032,7.428976095867846,0.12929709623430174,-137.65900170813006,132.96192848197578,0.9179903268814087
751,12.517,0.10862920869117454,89.18395864635627,7.42896570506335,0.1292969164028508,-138.37519804245323,133.9735180414071,0.9145200252532959
752,12.533,0.10839589163422082,95.09278692874109,7.479466777192382,0.13017087742691405,-138.45050799424632,133.91252324061804,0.9096378087997437
753,12.55,0.10817639961952256,104.19415309117537,7.679489600043319,0.13363143061102434,-137.75711060501885,133.98151591031996,0.9061504006385803
754,12.567,0.10829646900337944,110.29489372084738,7.84063174177984,0.1364181346843621,-138.2576394751643,135.24432644827817,0.9047092795372009
755,12.583,0.10839084642239466,118.60550804228477,8.00185754202846,0.13920520559991506,-137.8034304366438,135.40224785923616,0.9006228446960449
756,12.6,0.10849713649234811,126.68220372125667,8.383847679728936,0.14580413583981625,-137.13457789238396,135.8856777093035,0.8979862928390503
757,12.617,0.10890903047992863,127.78123344022005,8.652256860234802,0.1504370806009241,-136.95873551063022,135.6164889116244,0.8961762189865112
758,12.633,0.10926522945593761,138.9599297137414,8.623342944312656,0.14993816148101285,-138.03878299623506,135.598318123061,0.8928747773170471
759,12.65,0.10898140962551724,133.03326134322523,8.76242648198778,0.1523377414447364,41.61134855084691,136.5278245938633,0.8897644281387329
760,12.667,0.1089600557212325,149.27562300275048,8.996386153846961,0.1563721677546942,42.18571962145205,136.44241008964175,0.8862013816833496
761,12.683,0.1093519799726997,155.33663538762448,8.977747905580998,0.15605086244669467,41.27082219258102,136.91914467599446,0.8855435848236084
762,12.7,0.10888926922132296,148.64321769197318,9.100567674447328,0.15816785033356917,41.371468126402334,136.62252917699954,0.8861914277076721
763,12.717,0.10898606898759274,159.66876117223458,9.156932072121919,0.1591391348258355,41.7832024374178,136.43027574751775,0.8886574506759644
764,12.733,0.10886628624930708,160.64037531207825,9.178923146440276,0.15951804845161954,42.05370148869568,137.8076506733792,0.8911110162734985
765,12.75,0.10848373245035683,164.84664538285756,9.183237084460272,0.159592376303032,43.651971777467594,137.76071729303004,0.8942130208015442
766,12.767,0.10795147558419219,161.30793750162516,9.17953677049497,0.15952862106424778,44.15499212086161,137.72757430832513,0.8975196480751038
767,12.783,0.10760719311862459,160.09718202084375,9.14357022430342,0.1589088942291238,44.44523006719041,137.78558051134507,0.9006705284118652
768,12.8,0.10732886512160783,162.82428142799296,9.246182194033468,0.1606767984375126,44.61446841965625,137.86028796354518,0.9032673835754395
769,12.817,0.10673885166250452,171.06251866521734,9.561586183709105,0.16610765063477606,45.56077511385726,138.09076130044681,0.9044666290283203
770,12.833,0.10603839850413749,171.22122192840408,9.688668056159496,0.16829442410425427,46.31324042291203,141.14770809068878,0.9069105982780457
771,12.85,0.1055468696327243,174.279217102524,9.725328637356982,0.168925111163782,46.835455748581126,141.8845267593381,0.9085149168968201
772,12.867,0.10510971166130606,174.13426565476715,9.803626194484671,0.17027186433818337,-132.5025488400122,141.4851391732327,0.9114158749580383
773,12.883,0.1040084214046531,176.07634615618886,9.923910483524422,0.17234018783339847,-130.63580084575983,141.13321763969333,0.9134197235107422
774,12.9,0.10334943585419488,179.5278646637628,10.084565974066285,0.17510151961249615,-130.49830534460835,142.25629253350007,0.913141667842865
775,12.917,0.10368374774117578,171.23041174203613,10.144545393778644,0.17613208858631202,-128.57960795275142,139.89188284489742,0.9120287299156189
776,12.933,0.1034686295103242,163.20515674094617,10.204435686300869,0.17716093358552754,-126.40425972859879,138.6132672621261,0.9110550880432129
777,12.95,0.10251861362400617,163.568850321569,10.27802003067977,0.17842476120205575,-124.64164214152368,138.7796510843007,0.911850094795227
778,12.967,0.10161202998893085,140.24211818016752,10.417566776580742,0.18082069789584118,-122.56720009263984,138.10520835422918,0.9098918437957764
779,12.983,0.10112049898312084,118.65175708858656,10.721403585144039,0.18603367023825793,-121.76847742413491,138.0878462332379,0.905317485332489
780,13.0,0.10047255124108878,96.92709363762651,11.088458977114204,0.1923243019703349,-121.04821119771486,134.81842349920058,0.8969217538833618
781,13.017,0.09931099321555442,102.88840495750355,11.312976363577386,0.19616822908726292,-120.97248549281653,133.82028094375897,0.8945529460906982
782,13.033,0.0995715490804833,94.34381365182341,11.71081142733704,0.20297206619725489,-119.79663385896777,133.18805419073686,0.8897812366485596
783,13.05,0.10062717292305172,94.27484525811958,12.589123004875477,0.21795797003610332,-119.25881753096633,128.76694233443456,0.8859190940856934
784,13.067,0.10134545976419392,86.67441598436247,13.256432695034086,0.22930967242965375,-118.25631865127696,129.3967730176769,0.8775659203529358
785,13.083,0.10267866647454377,85.44153791526666,13.8708277125412,0.2397337686698499,-117.44396908899944,129.10435123916312,0.8688332438468933
786,13.1,0.10410659828183921,86.83807473458322,14.213720929176045,0.24553953714637067,-116.62528834400086,129.84051093155855,0.8621865510940552
787,13.117,0.10478696680678203,87.62881711544584,14.329148220101853,0.2474919504489187,-116.67336954554219,130.05831329652602,0.8577975630760193
788,13.133,0.10544730759338712,116.87710480567692,14.488042801534032,0.2501779534690228,-115.8789812051889,130.50099532959834,0.8615126609802246
789,13.15,0.10633194875190874,145.56240467998526,14.536348244455912,0.25099414314564816,-114.8576590971349,131.28134761321107,0.8664851188659668
790,13.167,0.10657960538445681,168.56733962053758,14.661192333069316,0.25310273512122416,-114.57713355079147,132.03973892911802,0.8730370402336121
791,13.183,0.10703284096126967,176.77794561007676,14.657444411174037,0.2530394509074722,-114.35163943760483,134.3090338826612,0.8797129392623901
792,13.2,0.1076787982910442,178.24974929028764,14.728285349934927,0.2542354271199849,-114.41794864092793,134.67439719907657,0.8851867318153381
793,13.217,0.1080115286961293,178.8217906931958,14.919168419209578,0.25745608183563423,-114.97237857623372,134.91790932089268,0.8889514803886414
794,13.233,0.10854737443087739,173.63978214926084,14.959225670794554,0.25813158208687476,-115.18819334463018,134.08191757924203,0.893177330493927
795,13.25,0.10954631751342192,173.8734292557326,15.280707763742287,0.2635482559498227,-115.32761570854376,132.85463784670722,0.8960079550743103
796,13.267,0.11003749365354755,174.0461197839722,15.28357127735836,0.26359646645904833,-115.34811399431948,133.2526797060976,0.8991619944572449
797,13.283,0.11033382944495015,174.0974748348693,15.347524190988514,0.2646730147321871,-115.49503226788687,134.58591672084324,0.9014301300048828
798,13.3,0.11047902872852915,171.72822336634124,15.546048678264844,0.2680127604944233,-115.98094254682917,134.23076877315364,0.9037258625030518
799,13.317,0.11056043441645685,159.1603392212989,15.718037048701799,0.2709034935915576,-116.3568266804001,133.28063307367842,0.906205415725708
800,13.333,0.10956663055477608,153.5672759660175,16.000770662065992,0.2756502853294731,-116.83281291307912,133.9017029683586,0.9078951478004456
801,13.35,0.10906349677888748,152.78783356556318,16.12557700283418,0.27774352026956056,-116.77341124806907,134.59821036439118,0.9087298512458801
802,13.367,0.109038412142725,149.59709532021483,16.232378193929378,0.2795337292730397,-116.5285362734366,135.57705711644448,0.9104219079017639
803,13.383,0.10914556751398545,151.72864838501496,16.360954043430162,0.28168763756289183,-116.44844076237155,135.33512046995799,0.911845326423645
804,13.4,0.10909421853784103,153.0344828877339,16.45067409182853,0.2831897921228995,-116.50704615051706,135.44976644473644,0.913375198841095
805,13.417,0.10895709664587468,156.4447269800174,16.630776664563612,0.2862030930929237,-116.15717664628175,135.40936082784302,0.9135751128196716
806,13.433,0.10832838701014283,158.84545879081207,16.714640844041234,0.2876052637418073,-116.01767585353815,136.67103689105005,0.9131160378456116
807,13.45,0.10778272242308969,162.38824455500648,16.77840329623485,0.2886709305470174,-115.64822297289834,136.94453892110744,0.9128164052963257
808,13.467,0.10737928968948399,167.55630019346705,16.94372729891057,0.291432334966855,-115.33913474013758,136.9664397612879,0.912230372428894
809,13.483,0.10703117011434224,166.62331708837894,17.12339564387772,0.29443058064126254,-116.4838840121422,136.82921874092168,0.9125876426696777
810,13.5,0.10636087338009932,171.84164156501623,17.214916071905574,0.2959567319985853,-116.44668081570211,137.58936244508575,0.91206294298172
811,13.517,0.10577249179402777,173.13874224701362,17.392968330513714,0.29892368011149273,-116.85153028763705,137.55722451686404,0.9112721681594849
812,13.533,0.10389362713107225,177.66073565063923,17.554533072435124,0.30161339347182753,-116.89031961761646,138.45324521200214,0.9109378457069397
813,13.55,0.10266029268478921,174.37422534136158,17.644580391552918,0.30311145260955247,-116.15904982351117,138.86520205852807,0.910971462726593
814,13.567,0.10144928323490723,172.53967005756462,17.765014981453138,0.30511387422237185,-116.08404680980357,139.0177372386909,0.9108641743659973
815,13.583,0.1004575737584454,168.52373823737344,17.89811288339115,0.3073252755408966,-116.23286600139255,139.3084542388978,0.9125192165374756
816,13.6,0.09942249914999778,166.31113632981726,18.039060067079404,0.30966528320989356,-115.69499810003259,138.86308734744884,0.9131516218185425
817,13.617,0.09834824737000303,163.88662248847913,18.122661906358775,0.31105235794122293,-115.78108401934435,139.09268597890048,0.9146631956100464
818,13.633,0.0979012855165544,162.0611821413519,18.226736357378,0.3127781770417175,-115.48217141681465,138.8336078892159,0.9160670042037964
819,13.65,0.09753713762152724,160.49377355781235,18.40107687746007,0.31566687107037644,-115.99038074605329,138.53412559061113,0.9177355170249939
820,13.667,0.09734116583103612,158.79310432567596,18.534921225818085,0.3178825915682606,-116.21240834168242,138.18053183830486,0.9194744229316711
821,13.683,0.09694559075129576,154.12031543026174,18.620163053734352,0.3192928203095378,-116.36686834236207,138.243786855538,0.917537271976471
822,13.7,0.09676684879578269,154.34726052749616,18.707595104475523,0.3207385495651096,-116.22201590431018,137.85083356147632,0.9188000559806824
823,13.717,0.09645929435394221,151.58598478087637,18.812934326186074,0.32247938984860747,-116.50826934589293,137.76334300916952,0.9186123609542847
824,13.733,0.0957593279339263,152.00874048171474,18.921369500080615,0.3242702553533608,-116.61491849323545,136.39784742420898,0.9165601134300232
825,13.75,0.09552775520096632,152.44916750786322,18.99797230401115,0.3255346923780921,-116.65496527392304,135.5947631880537,0.9179078340530396
826,13.767,0.09523621209119042,153.04794305155337,19.058721491591207,0.3265370295655325,-116.75008141902038,134.87889934674223,0.9194394946098328
827,13.783,0.09495348472278192,153.43151195375634,19.16282287508025,0.3282538064434371,-116.73244049098707,134.98573157422837,0.9202308058738708
828,13.8,0.09370837727827451,154.55607344516122,19.28727465112541,0.33030476709253687,-116.37365604834156,134.42238797799305,0.9240438938140869
829,13.817,0.09359815979439486,154.56290276215688,19.306992326151498,0.33062957088332806,-116.31329737210604,134.6773132906962,0.9238341450691223
830,13.833,0.09284993278032937,154.79105363381353,19.353267361506685,0.3313916928523891,-116.34736150704373,134.0731921630521,0.9245972037315369
831,13.85,0.09269867006611045,153.80934460848215,19.422372655953886,0.33252941284223114,-116.20715655872829,134.08759745170272,0.9252534508705139
832,13.867,0.09241078710528146,154.52254143337535,19.455713921103182,0.3330781562679863,-116.10885699621087,133.86114144919733,0.9278201460838318
833,13.883,0.09166064660474724,156.41823067507625,19.527446334930836,0.334258373445413,-116.24315733564134,134.34795810494379,0.9317411184310913
834,13.9,0.09168767426012266,155.12972699770134,19.55862218252381,0.33477114808060904,-116.1577182570735,134.28545672211942,0.9342882633209229
835,13.917,0.09082124001976336,155.015337807196,19.626115428180253,0.33588092487199533,-116.22346327955592,134.21565884503215,0.9367176294326782
836,13.933,0.09068234878690978,156.03753351840038,19.673905717395773,0.33666644846771504,-116.29290931060814,134.21062437408295,0.9386869072914124
837,13.95,0.08941014451734945,158.47441194392619,19.816166824453042,0.33900338973606015,-116.15220479284847,134.91089943264805,0.9409096837043762
838,13.967,0.08927979249962258,161.77107294552818,19.884624703029044,0.3401272120594269,-116.1971144667366,135.1310027012136,0.9442192912101746
839,13.983,0.08869443769512328,163.1213314247987,19.957146420567735,0.3413172177328211,-116.28684869551114,135.132139618628,0.9463057518005371
840,14.0,0.08825546999799526,166.29472567817032,20.08741324802411,0.34345338582154145,-116.1967912359525,134.87513877394028,0.9493312835693359
841,14.017,0.08795801308933465,166.93001690073322,20.154256133113602,0.34454881394722475,-116.2951381111161,134.5966769774927,0.9516106843948364
842,14.033,0.08786414335709865,168.32850108714507,20.213220184452528,0.34551473369306457,-116.03677538193745,134.02059797963489,0.9533939361572266
843,14.05,0.08744819718656506,169.7205905855348,20.2715779294859,0.34647036093068545,-115.8504918890037,133.98671145789794,0.9547832012176514
844,14.067,0.0873849637218849,171.39145081718078,20.323045273108157,0.34731285733501555,-115.82733862011844,132.47774436253073,0.9564696550369263
845,14.083,0.08725550207611783,172.69858697659447,20.333339776415592,0.3474813399398377,-115.63377438370662,132.37618640383747,0.9580103158950806
846,14.1,0.08683598133097166,173.1923185501136,20.376224282648536,0.348183078522884,-115.514288193526,132.41045248384836,0.958740234375
847,14.117,0.08660586725739894,176.26452613074196,20.44521643361295,0.3493116188163342,-115.63353274175819,131.58097486745052,0.9598714709281921
848,14.133,0.08672549257241152,178.09814132140212,20.453086788350582,0.34944032612524073,-115.73275196705282,131.017078555863,0.9610123038291931
849,14.15,0.08639657926984373,178.15798399052568,20.512752232468145,0.35041584625496175,-115.60620737956333,131.01661351524268,0.9620152711868286
850,14.167,0.08641297167799872,179.13786502088234,20.509134804414465,0.35035671271577223,-115.49256563551927,130.6463382662588,0.9626153111457825
851,14.183,0.08628238135521339,179.20785404422784,20.57836483172085,0.35148816264258953,-115.75170246798666,130.40397364213345,0.9636522531509399
852,14.2,0.08634443757896482,179.4300284355859,20.60236548520405,0.35188029379568203,-115.57113927878578,129.7423772569699,0.9636920690536499
853,14.217,0.08609700947691341,179.23356002193685,20.68204149104309,0.35318162541835063,-115.68479157574427,129.35842105621788,0.9640078544616699
854,14.233,0.08606180087170177,179.80206868568843,20.804349138860495,0.35517792100390205,-115.75932955751671,128.68741615569613,0.9639782309532166
855,14.25,0.08690794300584606,179.91561318802096,20.85984732271925,0.35608322462035613,-115.76146704834815,128.37991171883988,0.9643687009811401
856,14.267,0.08681653934383049,179.49997284592192,20.90563579661083,0.35682988894163054,-115.84224715643705,128.24280564847297,0.9646813273429871
857,14.283,0.08674501899744737,179.6275588067988,20.95901782266393,0.3577000921888748,-115.76814970374056,128.4137632857504,0.965329110622406
858,14.3,0.08637687216001554,178.78387971515454,21.013038917356845,0.35858039706471767,-115.62370120063252,127.96814118121048,0.9651954770088196
859,14.317,0.08647365506238171,178.6871262256068,21.087833079984335,0.35979868469619813,-115.54634747565319,127.90549814192248,0.9653894901275635
860,14.333,0.0860670327617356,175.44213257945916,21.15998840896619,0.36097340854648835,-115.35580801817116,128.3173821591245,0.9656406044960022
861,14.35,0.086099592895143,173.57047517418488,21.170392135327738,0.3611427390925886,-115.20205197151103,128.51256124828382,0.9657981395721436
862,14.367,0.08618895562649352,179.94314923760416,21.208039949185586,0.3617553935394911,-115.17925045398084,128.43242074445382,0.9658260941505432
863,14.383,0.08631713077096162,178.55608326974624,21.315366922911014,0.36350110016073395,-115.20179296923573,128.52697712185233,0.9662224650382996
864,14.4,0.08603772113590008,176.75622179033147,21.39325436619569,0.3647671653305255,-115.37412008085386,129.54394374782436,0.9666683077812195
865,14.417,0.08557856838644873,175.08295535740905,21.476266134290682,0.36611578460667565,-115.35249719124107,129.77645007342068,0.9659298658370972
866,14.433,0.08558561068007202,174.43035296953005,21.521245552481187,0.3668462048596003,-115.50702224957575,129.16797132132479,0.9650355577468872
867,14.45,0.0853452522907218,172.60052364871183,21.577958462105578,0.3677668428491696,-115.36801024792214,129.57345343102463,0.9638672471046448
868,14.467,0.08504917908512341,170.89367039471972,21.633173763165424,0.3686628235335058,-115.4705551018061,129.9509139301674,0.9632243514060974
869,14.483,0.08483918268828322,170.98329920504872,21.649266153999516,0.3689238909443133,-115.24721923802485,130.36731597652633,0.9621162414550781
870,14.5,0.08483622676882176,170.92048095504248,21.676415872391658,0.3693642757822159,-115.06523097137978,130.37237394495398,0.9623696804046631
871,14.517,0.0849675904058721,170.12978231225333,21.69810444845675,0.36971601800667514,-115.05832176346502,130.51204325811585,0.9622268080711365
872,14.533,0.0848143077999194,169.37764986857547,21.69514745538189,0.36966806503382565,-114.92501214449226,130.70346002087388,0.9625704884529114
873,14.55,0.08478719968048765,175.89472755483285,21.73704964119738,0.37034749256620525,-114.99233590981618,130.8421197797673,0.9614772796630859
874,14.567,0.08502139736713489,179.5609370681605,21.743004507992474,0.37044403233250645,-114.71289415496676,130.77671969137666,0.961803674697876
875,14.583,0.0853727338218112,177.18710488426214,21.724108574195814,0.3701376793568191,-114.62673921514966,130.88792764570957,0.961388111114502
876,14.6,0.08552285010453534,174.11617112235018,21.71445177527846,0.36998110160427516,-114.57870229144538,130.62883069431928,0.9616357088088989
877,14.617,0.08582027935591947,172.97977953566283,21.69626184154565,0.3696861369298321,-114.46514917222157,130.53354205998448,0.9609054327011108
878,14.633,0.08622909062673051,177.1801484898785,21.69193864226394,0.3696160272310988,-114.40198014496076,130.6172409541367,0.961246132850647
879,14.65,0.08667171908231158,179.22667568880203,21.64832991033158,0.36890870302817236,-114.15110364601583,130.5401265805152,0.9615621566772461
880,14.667,0.08691157880091523,177.06216757068265,21.61650252721574,0.36839233482870476,-113.94554618135925,130.37616227185828,0.9617822766304016
881,14.683,0.08704288175565615,179.6500861444804,21.597334202119555,0.3680812926219814,-114.0790505045731,130.36210700434688,0.9623054265975952
882,14.7,0.08775290904500652,178.773791368355,21.53053223891985,0.36699698311056994,-114.06399372864223,130.04696805833441,0.9628682136535645
883,14.717,0.0882275593252659,175.58282381643212,21.472432911537428,0.36605352650654477,-114.18182223033477,129.05905264684853,0.9636816382408142
884,14.733,0.0890168142626917,178.8381455769266,21.384345605022343,0.36462238696771737,-114.29037222534794,128.82617511301765,0.963994562625885
885,14.75,0.08916074181362531,179.86208766204345,21.36180728453581,0.3642560720933116,-114.50517061590381,128.33379446994547,0.9647418260574341
886,14.767,0.08934480038869654,179.18584392396767,21.359018847680314,0.3642107477653641,-114.59393095908365,127.99417527327635,0.9648628234863281
887,14.783,0.08972214907369584,178.38938737556282,21.298442861984416,0.3632259095937171,-114.57192984814833,128.14502020009647,0.9650486707687378
888,14.8,0.08987638462877155,178.28073362273312,21.30745145943549,0.36337239617520395,-114.80638552756784,128.00420378247142,0.9650245904922485
889,14.817,0.09042968411304272,177.8399147501618,21.259480469748688,0.3625922483872836,-114.7593759066076,127.88211620934399,0.9652224183082581
890,14.833,0.09046748521349013,176.83259376542563,21.217348778532823,0.3619068549068129,-114.80088975949673,127.35774161595558,0.9661514759063721
891,14.85,0.09067064060242491,175.18996249474668,21.207687029103468,0.36174965108731566,-114.96981766574578,127.0191324483238,0.9664146304130554
892,14.867,0.09077264658544912,177.84706438222196,21.180557926770863,0.36130818551964516,-115.19525029606785,126.69068857059841,0.9666447639465332
893,14.883,0.09133208639084107,173.44263646418926,21.156124421983712,0.36091051545028263,-115.30474147592037,125.93354904243846,0.9668247699737549
894,14.9,0.09094474451982482,170.7078592426914,21.10705217985675,0.36011163681990804,-115.27809063014041,125.99836896259262,0.9670711159706116
895,14.917,0.09126305019520503,169.4778315606098,21.099657494331385,0.3599912310558157,-115.27136304261796,125.31400410851343,0.9674068093299866
896,14.933,0.09121230440840475,168.20404869779426,21.067225628240106,0.35946308052058645,-115.22845373224027,125.46288265166471,0.9670225977897644
897,14.95,0.09144475661375427,167.6866283746605,21.046115966639096,0.3591192493555157,-115.06705189043805,124.97043265888584,0.9671273827552795
898,14.967,0.0916521609108352,167.43030986195362,21.01172479323157,0.35855898643428347,-115.12097531010278,125.02451918286769,0.9671104550361633
899,14.983,0.09204278887815626,167.3330770050734,20.988464238579077,0.35817997798344275,-115.00336723425733,124.72597976571737,0.9672763347625732
900,15.0,0.09237153804481074,167.06212115193864,20.969650923037264,0.3578733898477446,-115.06114902901402,124.48209876909496,0.9668022394180298
901,15.017,0.09228886986307604,166.8345786633887,21.000291257677443,0.3583726953084916,-115.00216071775958,124.2662179434784,0.9671036601066589
902,15.033,0.09220617509602305,177.94486769624604,21.033617294959697,0.3589156497902956,-115.00165211065996,124.6970671011991,0.967336893081665
903,15.05,0.09207848393266356,179.24266117700964,21.11797293499164,0.3602894456980858,-115.24913314176212,125.55820201185679,0.9666227102279663
904,15.067,0.0919873601918935,177.30109779746869,21.10707913919776,0.3601120757809566,-115.25910996381975,126.49242486695653,0.9662546515464783
905,15.083,0.0919693591472679,178.32078376706778,21.12742384128302,0.36044331231698523,-115.42926182463026,126.0824214602109,0.9660093784332275
906,15.1,0.09205222761121527,178.376452974186,21.083182607742145,0.35972295315248415,-115.43830743992999,126.06783672043949,0.9652782678604126
907,15.117,0.09201050181365292,177.93369928607402,21.088487773182496,0.3598093459879712,-115.32997040234841,125.80793777212789,0.9657178521156311
908,15.133,0.09196235958461153,177.7336983363411,21.08719949522904,0.3597883670982109,-115.29040206613712,126.18601512563767,0.9660451412200928
909,15.15,0.09197380465937725,176.79647203477793,21.113198833742196,0.36021171664039187,-115.51523591338514,125.97541641919211,0.9659020900726318
910,15.167,0.09194208926043086,176.13438639851628,21.165033739835213,0.3610555275939242,-115.57215196529177,125.89084684561399,0.9657285809516907
911,15.183,0.09178212388234437,176.25214896466758,21.189551799129532,0.3614545496917686,-115.81165392152798,126.2315414269804,0.9653124809265137
912,15.2,0.09159023594146593,175.5832806661482,21.248218595317635,0.3624090607004793,-115.74436973293354,126.79808453174822,0.9642336368560791
913,15.217,0.0915309255530009,175.40241847416917,21.27187569525623,0.362793855173262,-115.87451341280843,127.30958152010074,0.9642007946968079
914,15.233,0.09106377383408995,175.4429475235508,21.297575279651557,0.36321180157727967,-115.48586847011404,127.59966226801937,0.9638559222221375
915,15.25,0.09092233349295789,174.75916775569002,21.342440412356982,0.3639412576774892,-115.73109344214362,127.97404316523556,0.9640565514564514
916,15.267,0.09101230200612972,174.70649210528586,21.332841558165274,0.36378520995985847,-115.68280840377042,128.0311545861551,0.9641960263252258
917,15.283,0.09079631927940286,174.49078486765686,21.36660407416203,0.36433403894300814,-115.72325676776939,128.2333189348345,0.9645953178405762
918,15.3,0.09063686119734408,174.51233123549332,21.463127420008636,0.36590238257682467,-115.92350498536155,128.39322356421607,0.9646260142326355
919,15.317,0.09052219987829438,174.66898915579776,21.523213558690436,0.3668781581306524,-116.01794019514608,128.41516386187638,0.9644001722335815
920,15.333,0.09030967153642491,177.50903627204673,21.511995430587625,0.3666960106884776,-116.00995469980342,129.16918584649048,0.9620470404624939
921,15.35,0.09032985685704793,173.0025357696284,21.48199789285851,0.366208875121573,-115.82273982271454,129.13123497413844,0.9600945711135864
922,15.367,0.09030610448761392,179.41791614308474,21.48786341258449,0.3663041342811647,-115.75560044364641,129.1297198573022,0.9612228870391846
923,15.383,0.09026728546505607,178.05460408282426,21.507749287638482,0.3666270628911721,-116.0971466076474,129.11070907307416,0.9615535736083984
924,15.4,0.09016674570330008,177.21384013816856,21.49435956521678,0.3664096307742523,-115.79032559172867,129.24496646779633,0.9616948366165161
925,15.417,0.09000885034756818,175.63343027819207,21.508864644773535,0.366645173973776,-115.95065922630647,129.2906938253851,0.9625562429428101
926,15.433,0.0898779254619255,175.59561191546953,21.50988677838239,0.36666177117798965,-115.87550393629203,129.4736909336932,0.9627074599266052
927,15.45,0.09009473042869277,175.68346203365618,21.48504142699939,0.3662583042136703,-115.85664545065606,129.50139353348277,0.9626590609550476
928,15.467,0.0900476968000362,175.12537055996899,21.443534045633132,0.3655841067298685,-115.57857351557124,129.82737029356508,0.9627484083175659
929,15.483,0.09006482981780148,174.82971799829588,21.41005268414931,0.3650401347326187,-115.45840599842154,129.91627507488866,0.9628838896751404
930,15.5,0.09018978286884276,174.4232763782851,21.360381858746653,0.3642329027806336,-115.40917533890138,130.15374998105003,0.9631505608558655
931,15.517,0.09019480222156541,174.33900925663718,21.34657760074559,0.3640085124307923,-115.43489284478039,130.1938734461588,0.963147759437561
932,15.533,0.09014489784838806,174.00142275772825,21.30989473549844,0.36341212413631213,-115.28790038077159,130.5527044714184,0.9632359147071838
933,15.55,0.09001492799279237,173.74771316769264,21.27813786596809,0.36289570213796585,-115.26815421889921,130.73887139018998,0.962870717048645
934,15.567,0.0901248607620793,173.63853043032506,21.26070523094513,0.36261216973001625,-115.27197473555918,130.80290797097564,0.9630635380744934
935,15.583,0.09008209855996344,173.4171997342425,21.241064015992364,0.3622926757454362,-115.27404356500875,130.53887350038977,0.9627891778945923
936,15.6,0.09015632179802849,177.56111273164115,21.24511245883109,0.3623585332587444,-115.38729349995282,130.60928554738618,0.9631136655807495
937,15.617,0.09014790630686645,179.78804196684675,21.230724336687437,0.3621244681590897,-115.34339717737157,130.2470607785878,0.9628691673278809
938,15.633,0.0904128806025741,178.4373455442316,21.228803964522882,0.3620932259333404,-115.3442662200107,128.96781072840392,0.9630930423736572
939,15.65,0.09036060367648173,177.37758150652053,21.230735637722375,0.3621246520126048,-115.40568715728921,129.21441435418447,0.9630555510520935
940,15.667,0.09037301380372552,176.96992153930086,21.223574838825698,0.3620081520670476,-115.47695221800853,129.60844648334924,0.9627578854560852
941,15.683,0.09044499337403988,176.5180818893328,21.222303104335996,0.3619874614659841,-115.48905867845906,129.44352733421684,0.9628913402557373
942,15.7,0.09049358047575007,176.22105466335233,21.23453841104964,0.3621865175148319,-115.59724182839358,129.46767287920406,0.9627926349639893
943,15.717,0.09051047268553811,175.98099567978528,21.23213057659719,0.36214734579189917,-115.60126288065902,129.44514231794568,0.9628196954727173
944,15.733,0.09062760141400607,175.78068228668295,21.24804691185779,0.36240626795789427,-115.64263911871558,129.45610955797156,0.9630464315414429
945,15.75,0.09060284932248103,175.81903222027967,21.24253112707558,0.36231654199170016,-115.64450535492409,129.49693371976795,0.9628937840461731
946,15.767,0.09058796011633571,176.62438542951148,21.211116806728775,0.36180545728755625,-115.66364655560227,129.71413891077538,0.9626547694206238
947,15.783,0.09054694220253756,178.74825376926643,21.208533328435703,0.36176342141541074,-115.65066296608302,129.83445015291142,0.9625430703163147
948,15.8,0.09053907679857495,179.01242136978837,21.204222219322443,0.36169327355972747,-115.66936386512674,129.83006965959706,0.9623290300369263
949,15.817,0.09048601516309622,173.53840686597698,21.201611473496943,0.3616507920292191,-115.64676807784826,129.8497297109269,0.9613656997680664
950,15.833,0.0906761572924655,171.0631590153425,21.217591741149374,0.3619108079559123,-115.62112097525642,129.8538638152713,0.9614977836608887
951,15.85,0.09048864505319584,169.60616204361847,21.22187915254904,0.3619805639038191,-115.74568379613788,129.91508361803454,0.9608669281005859
952,15.867,0.09040985322187306,173.1885467084587,21.236358569546223,0.3622161282391401,-115.74898240701549,129.93257272921727,0.9610916376113892
953,15.883,0.09004443783403927,170.82131354654348,21.244066656700014,0.36234152098292904,-115.92634742137011,129.93205345298128,0.959968090057373
954,15.9,0.09020730775391965,169.4546065685371,21.25462153060694,0.3625132137219531,-116.23503913355489,129.74414070973884,0.9599334001541138
955,15.917,0.09026881279860201,176.57765874649692,21.222506846353376,0.3619907762774426,-116.22007454935704,129.70131232712654,0.9602480530738831
956,15.933,0.09032021059459801,173.25286447375439,21.248126777594464,0.36240756711923217,-116.30666725754122,129.6567088271826,0.9608373045921326
957,15.95,0.09033713238517702,178.1857556406118,21.236090419413742,0.3622117659388942,-116.430565428058,129.61798615329508,0.9608825445175171
958,15.967,0.08991268253507215,179.16040582021049,21.264466468382718,0.3626733470695094,-116.67133251767098,129.0036424394178,0.9612835645675659
959,15.983,0.0898972013369243,175.82559791525438,21.245982088091296,0.36237267960273273,-117.04577597077594,129.0126591513811,0.9614505171775818
960,16.0,0.08997861195196984,179.78000691453312,21.217405110082364,0.36190777143267666,-117.0226965653473,127.91206697070172,0.9616695642471313
961,16.017,0.08957807439619149,175.17974325078134,21.24685120863615,0.36238681758799274,-116.89565253404265,127.63254126238627,0.9613761305809021
962,16.033,0.08962783104608099,172.81625239835623,21.267804915481715,0.3627276463235607,-116.8845655692624,127.75692724434937,0.9617271423339844
963,16.05,0.08992747372530516,170.45905308722612,21.27217307943671,0.3627986918810715,-117.027444541092,128.07961505653432,0.9614259004592896
964,16.067,0.08997768746005881,170.58980042427746,21.27999967881526,0.3629259815348652,-117.06410675244456,128.29020300068166,0.9614067077636719
965,16.083,0.09001951749860775,170.99000340757172,21.27713797094422,0.3628794402925325,-117.36268867521142,128.5124825637842,0.9616909027099609
966,16.1,0.09098855777355848,171.53759440748644,21.328787955947604,0.3637193078430544,-117.50046982144079,128.5705873322824,0.9621978998184204
967,16.117,0.09069521634394224,172.04182853321743,21.3892597153356,0.36470224841488974,-117.5857439762791,129.69183671052812,0.9624821543693542
968,16.133,0.09107366272971651,173.8707774485929,21.376151872094876,0.36448922091386926,-117.86538144882263,129.6317420098351,0.9627633690834045
969,16.15,0.09099624559359269,175.6655622430423,21.36881532560234,0.3643699796861747,-118.2338804351482,130.09361747672364,0.9627617001533508
970,16.167,0.09217343783374427,177.0673512181447,21.238704296072907,0.36225428847647206,-118.28293442123294,130.23016155113143,0.9636452794075012
971,16.183,0.09245598801812278,177.2287543763172,21.143605465575707,0.3607067364285396,-118.22505064842284,131.49128958396258,0.9647968411445618
972,16.2,0.09362467369233442,177.1956678208153,21.097316159924084,0.3599531064593917,-118.39671191468273,131.30166296339908,0.9659309387207031
973,16.217,0.09380735240026322,177.40059422859875,20.98655004245812,0.358148785361976,-118.60340536323912,133.2402523227958,0.9674776196479797
974,16.233,0.09411466648860715,176.7395203408747,20.918566203423957,0.3570407014915279,-118.89255802012354,132.71541909766458,0.9684794545173645
975,16.25,0.09452202144311639,175.0249063807251,20.88221991816863,0.35644807890957175,-119.21466466779964,132.62988754244503,0.9691261649131775
976,16.267,0.09381781492254061,174.04536844086368,20.838061293357097,0.3557278839270378,-119.35392619666015,133.38034750432527,0.969545841217041
977,16.283,0.09347472704062824,174.7849715175654,20.808361398658093,0.3552433814173903,-119.4576832264105,133.42683930795548,0.9695332646369934
978,16.3,0.0932711817951076,173.65062603952617,20.783451270793524,0.3548369420758461,-119.65679598416415,133.4377333719972,0.9693663120269775
979,16.317,0.09359020473219107,173.1486532887245,20.79129843960399,0.3549649855162943,-120.09324355111045,133.4110397901983,0.970154881477356
980,16.333,0.09375164118020708,174.33420193966887,20.731061500639846,0.353981919833789,-120.10428409434331,133.618834461264,0.9707005620002747
981,16.35,0.0947106873464902,173.06020254218487,20.618433257515516,0.3521427802340637,-120.56341542542407,133.78730456161952,0.9714826345443726
982,16.367,0.09427323592497731,172.834364104342,20.532985475921212,0.35074657020667,-120.68691038069414,134.97268258315805,0.9726468920707703
983,16.383,0.09474372896200327,172.5438776077198,20.513960859394466,0.35043560318185935,59.32347308679793,135.19457474559587,0.9731956720352173
984,16.4,0.09453858858218185,172.18951411162334,20.493331589139153,0.3500983636156172,59.32323971993563,136.06573615349254,0.9736176133155823
985,16.417,0.09443040370276305,173.07979764109842,20.42115800557102,0.34891814009772637,59.09378904104011,137.18046044373486,0.9741451144218445
986,16.433,0.09415929405337778,173.81911723387617,20.340133756493575,0.3475925258975994,58.71257978760076,137.71050271418784,0.9748923778533936
987,16.45,0.09498038943675277,173.57985240819679,20.256840027968966,0.34622905683913224,58.5699399704516,137.6483665944716,0.9753984212875366
988,16.467,0.09530283500200191,172.73349407214275,20.2110494593804,0.3454791804366569,58.272341722437346,137.5274712655291,0.9760510325431824
989,16.483,0.09564978022303168,171.9738296629408,20.139406809336002,0.34430550215479816,58.161649387604086,137.77064152758146,0.9763184785842896
990,16.5,0.095845535379396,173.03813676083922,20.085076898187715,0.34341508901484913,58.000261956383454,137.73295337990245,0.976710319519043
991,16.517,0.09522808767828826,171.86429940413433,19.983870370421254,0.3417555920737059,57.861346442035554,137.70005155083805,0.9771725535392761
992,16.533,0.0955445046834015,171.89725077352298,19.886983443997867,0.3401659251199911,57.37396013666094,137.90154743455565,0.9779735803604126
993,16.55,0.09411239947674112,172.5975926966027,19.811115366693393,0.33892044450033093,57.17634025351002,137.68086786665026,0.978236198425293
994,16.567,0.09238483736857321,173.00901079294263,19.722647595758712,0.3374673719557019,56.90401544743027,138.2604896807311,0.9786327481269836
995,16.583,0.09142959706360378,173.24403708401326,19.674102749026336,0.3366696865699605,56.64956671608053,138.3416396448634,0.9787331223487854
996,16.6,0.09203032876709037,172.9235792949062,19.589401381235252,0.3352773014767843,56.481244859845475,138.22915308343744,0.9793259501457214
997,16.617,0.09258595497901252,173.1565074436732,19.530295312880728,0.33430523702419473,56.47079490501828,138.15262779200728,0.9796707034111023
998,16.633,0.09327717411015532,172.54697450331162,19.35754361600829,0.3314621092858529,56.11562456609181,138.29905140806514,0.9804336428642273
999,16.65,0.09429180411632707,172.56150378032441,19.215561065654434,0.3291231195138257,55.868657554353206,138.34639164417104,0.9813289046287537
1000,16.667,0.09460587859146495,172.92961198530944,19.0975482896289,0.32717746392033964,55.665674282327345,138.05509739339968,0.9819355607032776
1001,16.683,0.09554594655075747,172.98798006507147,18.96122752918548,0.32492824066322473,55.342977017807215,138.2623266859168,0.9825536608695984
1002,16.7,0.09626425661787354,173.0415921502684,18.878422697844943,0.3235611042531491,55.38469924800701,137.6789266411305,0.983198344707489
1003,16.717,0.09666532705625785,172.9307102961974,18.8003553191223,0.32227156585888944,55.70919771019888,138.0770569830687,0.9837445616722107
1004,16.733,0.09690132920112096,173.14042814777596,18.753358045798294,0.3214949633369842,56.085045490779336,137.9215988407074,0.9841234087944031
1005,16.75,0.09718978137663718,173.54013708960665,18.695473270424348,0.3205381539721826,56.481757001278496,137.52507148965375,0.9842780232429504
1006,16.767,0.09722125971490926,173.93391063251136,18.66242807140054,0.3199917849000697,56.91256685006125,137.60419197086674,0.9846665263175964
1007,16.783,0.0976679796088713,173.68530586157476,18.63848426080832,0.3195958316013775,57.15792101981195,137.13560540154813,0.9847723245620728
1008,16.8,0.09749310187518005,173.5769402490221,18.642905107446076,0.31966894233056975,-122.71213063966854,137.33411918243343,0.9849795699119568
1009,16.817,0.09780707968479653,173.79708697370125,18.614821407923227,0.31920446960016086,-122.44768215225122,137.28002900456224,0.9854387044906616
1010,16.833,0.0975901505170597,173.8936011959084,18.602150721276438,0.3189948856149693,-122.26937501663758,137.63192474903414,0.9857391715049744
1011,16.85,0.09850180229968482,173.62480618401585,18.61643284753207,0.31923112306967694,-121.94078080422912,137.16080108576622,0.9864868521690369
1012,16.867,0.09760375332507178,174.29039600899097,18.640328551843066,0.31962633220366915,-121.89367351432668,137.25659243321354,0.9868312478065491
1013,16.883,0.0977997375741973,174.44708189087726,18.666580728344908,0.3200604507500699,-121.88368684986807,137.35067717364967,0.9874802231788635
1014,16.9,0.0974780761662107,175.21815107011662,18.70811476553565,0.32074714017082845,-121.65207812977201,137.27668007787062,0.9881259202957153
1015,16.917,0.09760970146881962,175.88014360907673,18.74294873297535,0.32132292623681713,-121.62710513689001,137.20679678835018,0.9886963963508606
1016,16.933,0.09751704632040027,176.5750487446118,18.79106250869224,0.3221180247700638,-121.58928030848585,137.19788259883626,0.9892202019691467
1017,16.95,0.0974099139981019,177.18540470789253,18.847633908072535,0.3230525981742691,-121.5276579733586,137.25084300277672,0.9896688461303711
1018,16.967,0.097979092746268,177.8377328650406,18.87911649504149,0.32357256189632677,-121.62826464857721,137.3114024236473,0.9901299476623535
1019,16.983,0.09803824174039173,178.24609948668572,18.919061369027663,0.3242321473968964,-121.61576915687431,137.22712322368383,0.9906248450279236
1020,17.0,0.09809811148282185,178.49304319810346,18.93545441805391,0.3245027902927191,-121.50528464158208,137.38718112965879,0.9908731579780579
1021,17.017,0.09821787198414718,178.79766571127615,18.968587182173223,0.32504971828179086,-121.44221620724562,137.1839340561473,0.991269052028656
1022,17.033,0.09896954588053176,178.77432071936713,18.99582324362523,0.3254992270364583,-121.41113737401417,137.25185597928274,0.9914169907569885
1023,17.05,0.09950157598530264,178.70473019381342,19.010604615389866,0.3257431506149904,-121.45212588370987,136.74483968963034,0.9918668270111084
1024,17.067,0.10018606727667552,178.520553853187,19.000491705678016,0.3255762687749882,-121.51575268093427,136.9040462200476,0.9919995665550232
1025,17.083,0.10021438044527453,178.74597843195377,19.00558841622803,0.32566037525699676,-121.54526065487335,136.7514382601925,0.9923577308654785
1026,17.1,0.10050862469650416,178.87161605746502,19.011980446953995,0.3257658536134273,-121.58764627184593,136.77825944052185,0.9925345778465271
1027,17.117,0.10052078968599712,178.95058909542544,19.000114548890917,0.3255700447895305,-121.8066648610648,136.60972855459656,0.9926612973213196
1028,17.133,0.10053249382028126,178.92441289050214,18.999137169931153,0.32555391564271463,-121.89300373518665,136.82295527531753,0.9927070736885071
1029,17.15,0.10049521272830433,178.92814881594265,18.97668338566744,0.32518334712639985,57.767204035087275,136.67227092921607,0.9928874969482422
1030,17.167,0.10062357837276124,178.8317567385937,18.979840153216518,0.32523544820777356,57.644372982406566,136.7419453991701,0.9930349588394165
1031,17.183,0.10065625748872715,178.90196273533877,18.960975542420233,0.32492408130260236,57.2790919028205,136.728223774833,0.9932536482810974
1032,17.2,0.10090496175151405,178.92764319310623,18.82937518850286,0.32275099402115065,57.14463038299907,137.47163213992303,0.9937300682067871
1033,17.217,0.10162618195381276,178.77864178847983,18.649456385848488,0.3197772820464169,56.986535529030405,137.40413434085906,0.9941023588180542
1034,17.233,0.10346083322648195,178.71379826818404,18.499276507621705,0.3172926815896359,56.82909403566187,137.6355262257209,0.9944435358047485
1035,17.25,0.1017273718575111,178.49845101584293,18.395381243154024,0.3155725446405136,56.72981673631368,138.19662370204423,0.9947856664657593
1036,17.267,0.1023671732208866,178.46456424771904,18.284659815127366,0.31373824864003,56.67028744925909,138.30106136566502,0.9951435327529907
1037,17.283,0.10309132383352028,178.39423500741887,18.217683719904382,0.31262810218488174,56.78496117726442,138.40850942279891,0.9954603314399719
1038,17.3,0.10397195276303825,178.30790779486185,18.188572562758576,0.31214544379086534,56.79792198689397,138.4074718899865,0.9957221150398254
1039,17.317,0.10494230154902832,178.23511257353488,18.125218016837415,0.3110947570711528,56.68926543043867,137.98174029544302,0.9959303736686707
1040,17.333,0.10546061404164131,177.222657980153,18.075915070856325,0.31027684215206447,56.65978170392401,137.89168959843042,0.9961466789245605
1041,17.35,0.10647021841879813,176.59806850517455,18.036640840152916,0.3096251349269637,56.58388910847209,137.7861355624137,0.9963629245758057
1042,17.367,0.10681582305519177,176.01389501841945,18.003210909935767,0.30907029200069513,56.449040596982826,137.77338422836533,0.9965139031410217
1043,17.383,0.10716669427355259,175.40219396885075,17.99834181518681,0.3089894699237623,56.38193009948715,138.89244946494736,0.9966955184936523
1044,17.4,0.10750004665770124,175.2492929451607,18.024633863644468,0.3094258649688696,56.32459383644385,138.9136997365526,0.9967468976974487
1045,17.417,0.10749829614809812,174.8154698809662,17.940334380676692,0.30802643335226687,56.49846680904409,139.93535139306672,0.9969353079795837
1046,17.433,0.10390724157281175,174.7078072792556,17.91537670793541,0.3076119900974543,56.62182094120203,140.04708301808554,0.9970806837081909
1047,17.45,0.10186233644728605,174.65923073806854,17.87900303990631,0.307007870091849,56.69420843532623,141.00581114386384,0.9972131848335266
1048,17.467,0.10230283320499006,174.38254114675797,17.836827323565853,0.3063072306065125,56.67230599999698,140.80831757570658,0.9973301887512207
1049,17.483,0.1010112910702719,174.392309428415,17.838630730378878,0.3063371929048167,56.56685234103372,140.812393354116,0.9974781274795532
1050,17.5,0.10051801645979626,174.18563199684746,17.86366166211753,0.3067530323574168,56.306770596274546,140.69871606332572,0.9974998831748962
1051,17.517,0.10011406721095716,174.19671401457472,17.795940132604294,0.30562783816052363,56.34637190915015,141.2451265156822,0.9975832104682922
1052,17.533,0.09918611701098286,174.24399513054385,17.77219934423019,0.30523328345854217,56.00357531571733,141.2601968575564,0.9976968169212341
1053,17.55,0.09880938937032702,174.20990108287492,17.81133501698664,0.3058836619434826,55.662692435295625,141.5029083598684,0.9977587461471558
1054,17.567,0.0988022359482366,174.42765928445183,17.844768891358672,0.3064391717301029,55.69638356166074,141.23534243026242,0.9978008270263672
1055,17.583,0.09916766093137241,176.1156324053862,17.863650331578796,0.3067528441361514,55.038007544162284,140.26801434523898,0.9977373480796814
1056,17.6,0.10014129345382243,176.29480354885453,17.82079780807936,0.30604089848154903,54.387514355102354,140.34420078955543,0.9977421760559082
1057,17.617,0.09993872590677903,176.51014314376042,17.746938129050182,0.30481340281895586,54.52639433577103,140.86450085910968,0.9977962970733643
1058,17.633,0.10050181671694074,176.91976949802697,17.68087205383611,0.3037150021070828,53.88236918694571,140.76835288635152,0.9978078603744507
1059,17.65,0.10100980653179654,177.2509453211297,17.59491113261072,0.30228522955423454,53.469406597718304,140.55746046422485,0.9978470802307129
1060,17.667,0.10200399046285732,177.46023635535644,17.585830777174543,0.3021341578447616,52.02715229039313,140.20654795415527,0.997880756855011
1061,17.683,0.10244671361046645,177.91665673949802,17.555601957838192,0.3016311802049053,51.13303364554105,139.94340892158647,0.9979342818260193
1062,17.7,0.10258511409902527,178.0130372160261,17.529518057981186,0.30119710243754,49.691108756869596,139.94752207597543,0.9980188012123108
1063,17.717,0.10288436457429727,178.5783872812102,17.611828179775006,0.3025666616370298,48.470574357546596,139.71820024021633,0.9980450868606567
1064,17.733,0.1031366735690335,179.10425264911265,17.64972759811473,0.3031970607776543,47.1918732046332,139.81069006187488,0.9980197548866272
1065,17.75,0.10285883869938485,179.12241466084035,17.71078174883488,0.30421232453651564,46.4340351665153,139.48082778011033,0.9978905916213989
1066,17.767,0.10323784060789323,179.27505739041368,17.790943201471517,0.30554479714316235,45.71574673523574,139.76782777507785,0.9975461363792419
1067,17.783,0.10340123651782987,179.24081154065817,17.816142922468092,0.3059635525671837,45.127248040592875,140.03105118339823,0.997539222240448
1068,17.8,0.10226991771876814,179.4210113165854,17.896204574790033,0.3072935809748287,44.52267511640848,140.27463892687453,0.9973353743553162
1069,17.817,0.10190750901266037,179.49125534045504,17.95286589935973,0.308234507778375,43.6897280370073,140.5602848959206,0.9970532655715942
1070,17.833,0.10112585676445456,179.22860688332008,17.458225645345223,0.3000103645813097,45.28472120420837,140.74023239048404,0.9966254234313965
1071,17.85,0.10049492525983171,179.0277830425519,17.27957934366628,0.297034571108189,46.113900784505546,140.52277838179745,0.995965838432312
1072,17.867,0.10032054762668761,179.14742892617494,17.198804436895873,0.29568811665170786,47.81266950710213,140.31969619273514,0.9954660534858704
1073,17.883,0.10009074413991952,179.76928651596276,16.947577698385825,0.29149661930899295,47.672860572531064,139.41293478080271,0.9951997399330139
1074,17.9,0.09989978363700465,179.90500986624738,16.807416474629505,0.28915571177852484,47.16995320695453,139.3189458304283,0.994978666305542
1075,17.917,0.1000435063715253,179.28875557567724,16.78401832508626,0.28876475785093314,47.93152027748958,138.88578557088985,0.9940545558929443
